2026-09-25T21:27:35.879+01:00 WILD Horde — loading validated backend
2026-09-25T21:27:36.154+01:00 ORAS GAME PROFILE LOCKED: Omega Ruby 0x000400000011C400 sango-1 identity_mode=omega_ruby_to_frozen_as_title_gate
2026-09-25T21:27:36.164+01:00 SHINY AUTO-CATCH ARMED: Omega Ruby Horde mode; exactly one shiny => protect its RAM slot, KO the other four, then capture; 2+ shinies => unconditional Safety HOLD with no attacks or Balls. The hardware-proven Horde reducer waits for five-alive readiness and exact owner+0x93 COMMAND=1, then uses the per-battle COMMAND/MOVE fingerprint, exact target masks, one-step KO proof and protected-survivor capture path. The shiny coordinate is never touched.
2026-09-25T21:27:36.427+01:00 SHINY CHARM RAM: PRESENT (item 632 hit(s): [{'offset': 0, 'address': '0x08C6F2B0', 'item_id': 632, 'item_id_hex': '0x0278', 'count': 1}])
2026-09-25T21:27:36.747+01:00 PARTY LIVE ORDER D25: source=RUNTIME_POINTER_CHAIN species=[120, 252, 283, 265, 261, 263]
2026-09-25T21:27:36.823+01:00 POKERUS BASELINE: no active contagious party Pokérus
2026-09-25T21:27:37.047+01:00 AUTO SWEET SCENT SETUP PASS D25: user=Surskit visible_slot=3 move_slot=2 PP=20 field_xy=(119, 119) party_source=RUNTIME_POINTER_CHAIN lead=Staryu lead_moves=[55, 145, 129, 61] lead_pp=[16, 30, 20, 15]
2026-09-25T21:27:37.290+01:00 HORDE TRIGGER AUTO: selected Sweet Scent
2026-09-25T21:27:37.292+01:00 HORDE TRIGGER LOCKED: requested=auto resolved=sweet_scent
2026-09-25T21:27:37.299+01:00 START Omega Ruby Route 102 zone=24 grid=[181, 130] method=Horde axis=stationary
2026-09-25T21:27:37.421+01:00 AUTO SWEET SCENT D25 TOUCH ROUTE: green Poké Ball (60,230) -> silver visible-slot-3 field icon (119, 119) -> Sweet Scent (170,104)
2026-09-25T21:27:37.698+01:00 AUTO SWEET SCENT TOUCH: GREEN_POKEBALL_PARTY xy=(60,230) touch_state=0x01F542FF completed=True
2026-09-25T21:27:39.748+01:00 AUTO SWEET SCENT TOUCH: SLOT3_SILVER_FIELD_ACTION xy=(119,119) touch_state=0x017EE5F2 completed=True
2026-09-25T21:27:41.005+01:00 AUTO SWEET SCENT TOUCH: SWEET_SCENT xy=(170,104) touch_state=0x016EE87F completed=True
2026-09-25T21:27:48.085+01:00 AUTO SWEET SCENT: battle active — Horde boundary acquired
2026-09-25T21:27:51.064+01:00 HORDE LEAD RAM REFRESH: Staryu moves=[55, 145, 129, 61] PP=[16, 30, 20, 15] source=RUNTIME_POINTER_CHAIN
2026-09-25T21:27:51.066+01:00 PARTY LIVE ORDER: battle pointer table -> species [120, 252, 283, 261, 263, 265] order [0, 1, 2, 4, 5, 3]
2026-09-25T21:27:51.132+01:00 #1 HORDE x5 [AUTO SWEET SCENT]: Zigzagoon, Zigzagoon, Zigzagoon, Zigzagoon, Zigzagoon
2026-09-25T21:27:51.133+01:00   slot0 Zigzagoon PID 0x06533C85 XOR 63759 shiny=False
2026-09-25T21:27:51.134+01:00   slot1 Zigzagoon PID 0xE589EFF2 XOR 51618 shiny=False
2026-09-25T21:27:51.134+01:00   slot2 Zigzagoon PID 0x3D2954B3 XOR 43587 shiny=False
2026-09-25T21:27:51.135+01:00   slot3 Zigzagoon PID 0x6677EAD1 XOR 20351 shiny=False
2026-09-25T21:27:51.136+01:00   slot4 Zigzagoon PID 0x309D5145 XOR 41473 shiny=False
2026-09-25T21:27:51.239+01:00 HORDE AUTHORITY COMMITTED: +5 Pokémon seen before escape
2026-09-25T21:28:04.051+01:00 RUN RECOVERY EXTENSION: battle still active after 24 causal Run taps; allowing up to 24 additional bounded Run taps (48 total)
2026-09-25T21:28:06.750+01:00 PARTY LIVE ORDER D25: source=RUNTIME_POINTER_CHAIN species=[120, 252, 283, 265, 261, 263]
2026-09-25T21:28:06.753+01:00 TIMING #1: field->encounter 10.785s • battle+return 18.666s • cycle 29.451s
2026-09-25T21:28:06.753+01:00 HF97 PHASE #1: boundary_wait 2.766s • pre_run_processing 0.382s • run_to_core_field 13.616s • postcore_field_authority 1.896s • accepted_run_attempt 26
2026-09-25T21:28:06.763+01:00 PASS #1: Horde x5 • Run tap 26 -> Route 102 grid [181, 130]
2026-09-25T21:28:06.835+01:00 AUTO SWEET SCENT RE-ARM: waiting 1.00 s after prior Horde field return before touchscreen route
2026-09-25T21:28:07.907+01:00 AUTO SWEET SCENT RE-ARM: PASS — battle inactive and anchor grid [181, 130] retained
2026-09-25T21:28:07.909+01:00 AUTO SWEET SCENT D25 TOUCH ROUTE: green Poké Ball (60,230) -> silver visible-slot-3 field icon (119, 119) -> Sweet Scent (170,104)
2026-09-25T21:28:08.181+01:00 AUTO SWEET SCENT TOUCH: GREEN_POKEBALL_PARTY xy=(60,230) touch_state=0x01F542FF completed=True
2026-09-25T21:28:10.274+01:00 AUTO SWEET SCENT TOUCH: SLOT3_SILVER_FIELD_ACTION xy=(119,119) touch_state=0x017EE5F2 completed=True
2026-09-25T21:28:11.392+01:00 AUTO SWEET SCENT TOUCH: SWEET_SCENT xy=(170,104) touch_state=0x016EE87F completed=True
2026-09-25T21:28:18.396+01:00 AUTO SWEET SCENT: battle active — Horde boundary acquired
2026-09-25T21:28:21.347+01:00 HORDE LEAD RAM REFRESH: Staryu moves=[55, 145, 129, 61] PP=[16, 30, 20, 15] source=RUNTIME_POINTER_CHAIN
2026-09-25T21:28:21.348+01:00 PARTY LIVE ORDER: battle pointer table -> species [120, 252, 283, 261, 263, 265] order [0, 1, 2, 4, 5, 3]
2026-09-25T21:28:21.408+01:00 #2 HORDE x5 [AUTO SWEET SCENT]: Seedot, Seedot, Seedot, Seedot, Seedot
2026-09-25T21:28:21.409+01:00   slot0 Seedot PID 0x8A97B18E XOR 63680 shiny=False
2026-09-25T21:28:21.411+01:00   slot1 Seedot PID 0xF5754064 XOR 30408 shiny=False
2026-09-25T21:28:21.411+01:00   slot2 Seedot PID 0xCA094E33 XOR 18403 shiny=False
2026-09-25T21:28:21.412+01:00   slot3 Seedot PID 0x7A299401 XOR 11761 shiny=False
2026-09-25T21:28:21.413+01:00   slot4 Seedot PID 0x6789FD80 XOR 22992 shiny=False
2026-09-25T21:28:21.531+01:00 HORDE AUTHORITY COMMITTED: +5 Pokémon seen before escape
2026-09-25T21:28:34.223+01:00 RUN RECOVERY EXTENSION: battle still active after 24 causal Run taps; allowing up to 24 additional bounded Run taps (48 total)
2026-09-25T21:28:35.840+01:00 PARTY LIVE ORDER D25: source=RUNTIME_POINTER_CHAIN species=[120, 252, 283, 265, 261, 263]
2026-09-25T21:28:35.843+01:00 TIMING #2: field->encounter 11.633s • battle+return 17.446s • cycle 29.080s
2026-09-25T21:28:35.845+01:00 HF97 PHASE #2: boundary_wait 2.606s • pre_run_processing 0.405s • run_to_core_field 12.790s • postcore_field_authority 1.521s • accepted_run_attempt None
2026-09-25T21:28:35.854+01:00 PASS #2: Horde x5 • Run tap None -> Route 102 grid [181, 130]
2026-09-25T21:28:35.939+01:00 AUTO SWEET SCENT RE-ARM: waiting 1.00 s after prior Horde field return before touchscreen route
2026-09-25T21:28:37.002+01:00 AUTO SWEET SCENT RE-ARM: PASS — battle inactive and anchor grid [181, 130] retained
2026-09-25T21:28:37.004+01:00 AUTO SWEET SCENT D25 TOUCH ROUTE: green Poké Ball (60,230) -> silver visible-slot-3 field icon (119, 119) -> Sweet Scent (170,104)
2026-09-25T21:28:37.280+01:00 AUTO SWEET SCENT TOUCH: GREEN_POKEBALL_PARTY xy=(60,230) touch_state=0x01F542FF completed=True
2026-09-25T21:28:39.313+01:00 AUTO SWEET SCENT TOUCH: SLOT3_SILVER_FIELD_ACTION xy=(119,119) touch_state=0x017EE5F2 completed=True
2026-09-25T21:28:40.343+01:00 AUTO SWEET SCENT TOUCH: SWEET_SCENT xy=(170,104) touch_state=0x016EE87F completed=True
2026-09-25T21:28:47.429+01:00 AUTO SWEET SCENT: battle active — Horde boundary acquired
2026-09-25T21:28:50.336+01:00 HORDE LEAD RAM REFRESH: Staryu moves=[55, 145, 129, 61] PP=[16, 30, 20, 15] source=RUNTIME_POINTER_CHAIN
2026-09-25T21:28:50.338+01:00 PARTY LIVE ORDER: battle pointer table -> species [120, 252, 283, 261, 263, 265] order [0, 1, 2, 4, 5, 3]
2026-09-25T21:28:50.393+01:00 #3 HORDE x5 [AUTO SWEET SCENT]: Zigzagoon, Zigzagoon, Zigzagoon, Zigzagoon, Zigzagoon
2026-09-25T21:28:50.394+01:00   slot0 Zigzagoon PID 0xF2526C81 XOR 23818 shiny=False
2026-09-25T21:28:50.394+01:00   slot1 Zigzagoon PID 0x92BBA9AD XOR 63695 shiny=False
2026-09-25T21:28:50.395+01:00   slot2 Zigzagoon PID 0x37119400 XOR 24776 shiny=False
2026-09-25T21:28:50.396+01:00   slot3 Zigzagoon PID 0x1FBF9E5B XOR 16957 shiny=False
2026-09-25T21:28:50.396+01:00   slot4 Zigzagoon PID 0x3109DA9A XOR 10314 shiny=False
2026-09-25T21:28:50.513+01:00 HORDE AUTHORITY COMMITTED: +5 Pokémon seen before escape
2026-09-25T21:29:03.329+01:00 RUN RECOVERY EXTENSION: battle still active after 24 causal Run taps; allowing up to 24 additional bounded Run taps (48 total)
2026-09-25T21:29:05.461+01:00 PARTY LIVE ORDER D25: source=RUNTIME_POINTER_CHAIN species=[120, 252, 283, 265, 261, 263]
2026-09-25T21:29:05.466+01:00 TIMING #3: field->encounter 11.574s • battle+return 18.033s • cycle 29.607s
2026-09-25T21:29:05.468+01:00 HF97 PHASE #3: boundary_wait 2.695s • pre_run_processing 0.383s • run_to_core_field 13.076s • postcore_field_authority 1.873s • accepted_run_attempt 25
2026-09-25T21:29:05.473+01:00 PASS #3: Horde x5 • Run tap 25 -> Route 102 grid [181, 130]
2026-09-25T21:29:05.555+01:00 AUTO SWEET SCENT RE-ARM: waiting 1.00 s after prior Horde field return before touchscreen route
2026-09-25T21:29:06.617+01:00 AUTO SWEET SCENT RE-ARM: PASS — battle inactive and anchor grid [181, 130] retained
2026-09-25T21:29:06.619+01:00 AUTO SWEET SCENT D25 TOUCH ROUTE: green Poké Ball (60,230) -> silver visible-slot-3 field icon (119, 119) -> Sweet Scent (170,104)
2026-09-25T21:29:06.890+01:00 AUTO SWEET SCENT TOUCH: GREEN_POKEBALL_PARTY xy=(60,230) touch_state=0x01F542FF completed=True
2026-09-25T21:29:08.919+01:00 AUTO SWEET SCENT TOUCH: SLOT3_SILVER_FIELD_ACTION xy=(119,119) touch_state=0x017EE5F2 completed=True
2026-09-25T21:29:09.954+01:00 AUTO SWEET SCENT TOUCH: SWEET_SCENT xy=(170,104) touch_state=0x016EE87F completed=True
2026-09-25T21:29:17.029+01:00 AUTO SWEET SCENT: battle active — Horde boundary acquired
2026-09-25T21:29:19.989+01:00 HORDE LEAD RAM REFRESH: Staryu moves=[55, 145, 129, 61] PP=[16, 30, 20, 15] source=RUNTIME_POINTER_CHAIN
2026-09-25T21:29:19.991+01:00 PARTY LIVE ORDER: battle pointer table -> species [120, 252, 283, 261, 263, 265] order [0, 1, 2, 4, 5, 3]
2026-09-25T21:29:20.066+01:00 #4 HORDE x5 [AUTO SWEET SCENT]: Zigzagoon, Zigzagoon, Zigzagoon, Zigzagoon, Zigzagoon
2026-09-25T21:29:20.067+01:00   slot0 Zigzagoon PID 0x30792EE6 XOR 56646 shiny=False
2026-09-25T21:29:20.068+01:00   slot1 Zigzagoon PID 0x46F508A4 XOR 36232 shiny=False
2026-09-25T21:29:20.069+01:00   slot2 Zigzagoon PID 0x0AD9F2F6 XOR 15350 shiny=False
2026-09-25T21:29:20.070+01:00   slot3 Zigzagoon PID 0x956CCFCB XOR 39294 shiny=False
2026-09-25T21:29:20.071+01:00   slot4 Zigzagoon PID 0x5A06B4AD XOR 11634 shiny=False
2026-09-25T21:29:20.210+01:00 HORDE AUTHORITY COMMITTED: +5 Pokémon seen before escape
2026-09-25T21:29:33.071+01:00 RUN RECOVERY EXTENSION: battle still active after 24 causal Run taps; allowing up to 24 additional bounded Run taps (48 total)
2026-09-25T21:29:35.307+01:00 PARTY LIVE ORDER D25: source=RUNTIME_POINTER_CHAIN species=[120, 252, 283, 265, 261, 263]
2026-09-25T21:29:35.308+01:00 TIMING #4: field->encounter 11.556s • battle+return 18.278s • cycle 29.834s
2026-09-25T21:29:35.312+01:00 HF97 PHASE #4: boundary_wait 2.723s • pre_run_processing 0.453s • run_to_core_field 13.148s • postcore_field_authority 1.948s • accepted_run_attempt 25
2026-09-25T21:29:35.318+01:00 PASS #4: Horde x5 • Run tap 25 -> Route 102 grid [181, 130]
2026-09-25T21:29:35.406+01:00 AUTO SWEET SCENT RE-ARM: waiting 1.00 s after prior Horde field return before touchscreen route
2026-09-25T21:29:36.468+01:00 AUTO SWEET SCENT RE-ARM: PASS — battle inactive and anchor grid [181, 130] retained
2026-09-25T21:29:36.470+01:00 AUTO SWEET SCENT D25 TOUCH ROUTE: green Poké Ball (60,230) -> silver visible-slot-3 field icon (119, 119) -> Sweet Scent (170,104)
2026-09-25T21:29:36.746+01:00 AUTO SWEET SCENT TOUCH: GREEN_POKEBALL_PARTY xy=(60,230) touch_state=0x01F542FF completed=True
2026-09-25T21:29:38.768+01:00 AUTO SWEET SCENT TOUCH: SLOT3_SILVER_FIELD_ACTION xy=(119,119) touch_state=0x017EE5F2 completed=True
2026-09-25T21:29:39.801+01:00 AUTO SWEET SCENT TOUCH: SWEET_SCENT xy=(170,104) touch_state=0x016EE87F completed=True
2026-09-25T21:29:46.997+01:00 AUTO SWEET SCENT: battle active — Horde boundary acquired
2026-09-25T21:29:49.861+01:00 HORDE LEAD RAM REFRESH: Staryu moves=[55, 145, 129, 61] PP=[16, 30, 20, 15] source=RUNTIME_POINTER_CHAIN
2026-09-25T21:29:49.862+01:00 PARTY LIVE ORDER: battle pointer table -> species [120, 252, 283, 261, 263, 265] order [0, 1, 2, 4, 5, 3]
2026-09-25T21:29:49.920+01:00 #5 HORDE x5 [AUTO SWEET SCENT]: Seedot, Seedot, Seedot, Seedot, Seedot
2026-09-25T21:29:49.921+01:00   slot0 Seedot PID 0x13BE5D4F XOR 36136 shiny=False
2026-09-25T21:29:49.922+01:00   slot1 Seedot PID 0x1888B669 XOR 27960 shiny=False
2026-09-25T21:29:49.923+01:00   slot2 Seedot PID 0x83964048 XOR 7 shiny=True
2026-09-25T21:29:49.924+01:00   slot3 Seedot PID 0x1D380FC8 XOR 53545 shiny=False
2026-09-25T21:29:49.924+01:00   slot4 Seedot PID 0xD49DD48A XOR 50126 shiny=False
2026-09-25T21:29:53.188+01:00 FRAMEBUFFER SHINY CAPTURE unavailable: FramebufferBridgeError: framebuffer command 13 failed: INPUT_INVALID result=0x00000000 • shiny authority unchanged
2026-09-25T21:29:53.346+01:00 SHINY BLOCKLIST RUN: Seedot • completed phase 195 • RAM shiny recorded; causal Run authorized
2026-09-25T21:30:06.243+01:00 PARTY LIVE ORDER D25: source=RUNTIME_POINTER_CHAIN species=[120, 252, 283, 265, 261, 263]
2026-09-25T21:30:06.245+01:00 TIMING #5: field->encounter 11.679s • battle+return 19.247s • cycle 30.925s
2026-09-25T21:30:06.247+01:00 HF97 PHASE #5: boundary_wait 2.603s • pre_run_processing 3.739s • run_to_core_field 10.965s • postcore_field_authority 1.931s • accepted_run_attempt 22
2026-09-25T21:30:06.254+01:00 PASS #5: Horde x5 • Run tap 22 -> Route 102 grid [181, 130]
2026-09-25T21:30:06.336+01:00 AUTO SWEET SCENT RE-ARM: waiting 1.00 s after prior Horde field return before touchscreen route
2026-09-25T21:30:07.394+01:00 AUTO SWEET SCENT RE-ARM: PASS — battle inactive and anchor grid [181, 130] retained
2026-09-25T21:30:07.396+01:00 AUTO SWEET SCENT D25 TOUCH ROUTE: green Poké Ball (60,230) -> silver visible-slot-3 field icon (119, 119) -> Sweet Scent (170,104)
2026-09-25T21:30:07.667+01:00 AUTO SWEET SCENT TOUCH: GREEN_POKEBALL_PARTY xy=(60,230) touch_state=0x01F542FF completed=True
2026-09-25T21:30:09.696+01:00 AUTO SWEET SCENT TOUCH: SLOT3_SILVER_FIELD_ACTION xy=(119,119) touch_state=0x017EE5F2 completed=True
2026-09-25T21:30:10.725+01:00 AUTO SWEET SCENT TOUCH: SWEET_SCENT xy=(170,104) touch_state=0x016EE87F completed=True
2026-09-25T21:30:17.772+01:00 AUTO SWEET SCENT: battle active — Horde boundary acquired
2026-09-25T21:30:20.728+01:00 HORDE LEAD RAM REFRESH: Staryu moves=[55, 145, 129, 61] PP=[16, 30, 20, 15] source=RUNTIME_POINTER_CHAIN
2026-09-25T21:30:20.730+01:00 PARTY LIVE ORDER: battle pointer table -> species [120, 252, 283, 261, 263, 265] order [0, 1, 2, 4, 5, 3]
2026-09-25T21:30:20.805+01:00 #6 HORDE x5 [AUTO SWEET SCENT]: Zigzagoon, Zigzagoon, Zigzagoon, Zigzagoon, Zigzagoon
2026-09-25T21:30:20.808+01:00   slot0 Zigzagoon PID 0xDE3A577B XOR 19096 shiny=False
2026-09-25T21:30:20.809+01:00   slot1 Zigzagoon PID 0x8A293EAE XOR 30558 shiny=False
2026-09-25T21:30:20.809+01:00   slot2 Zigzagoon PID 0x373105AB XOR 61763 shiny=False
2026-09-25T21:30:20.810+01:00   slot3 Zigzagoon PID 0x9D7D4CDE XOR 4730 shiny=False
2026-09-25T21:30:20.811+01:00   slot4 Zigzagoon PID 0x619606F6 XOR 42169 shiny=False
2026-09-25T21:30:20.936+01:00 HORDE AUTHORITY COMMITTED: +5 Pokémon seen before escape
2026-09-25T21:30:33.756+01:00 RUN RECOVERY EXTENSION: battle still active after 24 causal Run taps; allowing up to 24 additional bounded Run taps (48 total)
2026-09-25T21:30:36.455+01:00 PARTY LIVE ORDER D25: source=RUNTIME_POINTER_CHAIN species=[120, 252, 283, 265, 261, 263]
2026-09-25T21:30:36.458+01:00 TIMING #6: field->encounter 11.518s • battle+return 18.685s • cycle 30.203s
2026-09-25T21:30:36.459+01:00 HF97 PHASE #6: boundary_wait 2.735s • pre_run_processing 0.414s • run_to_core_field 13.593s • postcore_field_authority 1.928s • accepted_run_attempt 26
2026-09-25T21:30:36.466+01:00 PASS #6: Horde x5 • Run tap 26 -> Route 102 grid [181, 130]
2026-09-25T21:30:36.557+01:00 AUTO SWEET SCENT RE-ARM: waiting 1.00 s after prior Horde field return before touchscreen route
2026-09-25T21:30:37.617+01:00 AUTO SWEET SCENT RE-ARM: PASS — battle inactive and anchor grid [181, 130] retained
2026-09-25T21:30:37.619+01:00 AUTO SWEET SCENT D25 TOUCH ROUTE: green Poké Ball (60,230) -> silver visible-slot-3 field icon (119, 119) -> Sweet Scent (170,104)
2026-09-25T21:30:37.896+01:00 AUTO SWEET SCENT TOUCH: GREEN_POKEBALL_PARTY xy=(60,230) touch_state=0x01F542FF completed=True
2026-09-25T21:30:39.922+01:00 AUTO SWEET SCENT TOUCH: SLOT3_SILVER_FIELD_ACTION xy=(119,119) touch_state=0x017EE5F2 completed=True
2026-09-25T21:30:40.943+01:00 AUTO SWEET SCENT TOUCH: SWEET_SCENT xy=(170,104) touch_state=0x016EE87F completed=True
2026-09-25T21:30:47.985+01:00 AUTO SWEET SCENT: battle active — Horde boundary acquired
2026-09-25T21:30:50.931+01:00 HORDE LEAD RAM REFRESH: Staryu moves=[55, 145, 129, 61] PP=[16, 30, 20, 15] source=RUNTIME_POINTER_CHAIN
2026-09-25T21:30:50.933+01:00 PARTY LIVE ORDER: battle pointer table -> species [120, 252, 283, 261, 263, 265] order [0, 1, 2, 4, 5, 3]
2026-09-25T21:30:50.987+01:00 #7 HORDE x5 [AUTO SWEET SCENT]: Zigzagoon, Zigzagoon, Zigzagoon, Zigzagoon, Zigzagoon
2026-09-25T21:30:50.988+01:00   slot0 Zigzagoon PID 0xF1C48894 XOR 47753 shiny=False
2026-09-25T21:30:50.989+01:00   slot1 Zigzagoon PID 0x832A32AD XOR 29278 shiny=False
2026-09-25T21:30:50.989+01:00   slot2 Zigzagoon PID 0x205F88C6 XOR 27456 shiny=False
2026-09-25T21:30:50.990+01:00   slot3 Zigzagoon PID 0x76ADEA4E XOR 24378 shiny=False
2026-09-25T21:30:50.991+01:00   slot4 Zigzagoon PID 0x2925C76E XOR 11666 shiny=False
2026-09-25T21:30:51.104+01:00 HORDE AUTHORITY COMMITTED: +5 Pokémon seen before escape
2026-09-25T21:31:03.952+01:00 RUN RECOVERY EXTENSION: battle still active after 24 causal Run taps; allowing up to 24 additional bounded Run taps (48 total)
2026-09-25T21:31:06.097+01:00 PARTY LIVE ORDER D25: source=RUNTIME_POINTER_CHAIN species=[120, 252, 283, 265, 261, 263]
2026-09-25T21:31:06.104+01:00 TIMING #7: field->encounter 11.519s • battle+return 18.118s • cycle 29.637s
2026-09-25T21:31:06.105+01:00 HF97 PHASE #7: boundary_wait 2.728s • pre_run_processing 0.386s • run_to_core_field 13.123s • postcore_field_authority 1.874s • accepted_run_attempt 25
2026-09-25T21:31:06.113+01:00 PASS #7: Horde x5 • Run tap 25 -> Route 102 grid [181, 130]
2026-09-25T21:31:06.192+01:00 AUTO SWEET SCENT RE-ARM: waiting 1.00 s after prior Horde field return before touchscreen route
2026-09-25T21:31:07.255+01:00 AUTO SWEET SCENT RE-ARM: PASS — battle inactive and anchor grid [181, 130] retained
2026-09-25T21:31:07.257+01:00 AUTO SWEET SCENT D25 TOUCH ROUTE: green Poké Ball (60,230) -> silver visible-slot-3 field icon (119, 119) -> Sweet Scent (170,104)
2026-09-25T21:31:07.539+01:00 AUTO SWEET SCENT TOUCH: GREEN_POKEBALL_PARTY xy=(60,230) touch_state=0x01F542FF completed=True
2026-09-25T21:31:09.570+01:00 AUTO SWEET SCENT TOUCH: SLOT3_SILVER_FIELD_ACTION xy=(119,119) touch_state=0x017EE5F2 completed=True
2026-09-25T21:31:10.601+01:00 AUTO SWEET SCENT TOUCH: SWEET_SCENT xy=(170,104) touch_state=0x016EE87F completed=True
2026-09-25T21:31:17.640+01:00 AUTO SWEET SCENT: battle active — Horde boundary acquired
2026-09-25T21:31:20.570+01:00 HORDE LEAD RAM REFRESH: Staryu moves=[55, 145, 129, 61] PP=[16, 30, 20, 15] source=RUNTIME_POINTER_CHAIN
2026-09-25T21:31:20.572+01:00 PARTY LIVE ORDER: battle pointer table -> species [120, 252, 283, 261, 263, 265] order [0, 1, 2, 4, 5, 3]
2026-09-25T21:31:20.627+01:00 #8 HORDE x5 [AUTO SWEET SCENT]: Zigzagoon, Zigzagoon, Zigzagoon, Zigzagoon, Zigzagoon
2026-09-25T21:31:20.628+01:00   slot0 Zigzagoon PID 0x2C5796E7 XOR 31081 shiny=False
2026-09-25T21:31:20.631+01:00   slot1 Zigzagoon PID 0x34615D66 XOR 43742 shiny=False
2026-09-25T21:31:20.632+01:00   slot2 Zigzagoon PID 0xE03B9756 XOR 46260 shiny=False
2026-09-25T21:31:20.632+01:00   slot3 Zigzagoon PID 0x9EEAE964 XOR 46167 shiny=False
2026-09-25T21:31:20.633+01:00   slot4 Zigzagoon PID 0x41C08065 XOR 636 shiny=False
2026-09-25T21:31:20.752+01:00 HORDE AUTHORITY COMMITTED: +5 Pokémon seen before escape
2026-09-25T21:31:33.441+01:00 RUN RECOVERY EXTENSION: battle still active after 24 causal Run taps; allowing up to 24 additional bounded Run taps (48 total)
2026-09-25T21:31:35.587+01:00 PARTY LIVE ORDER D25: source=RUNTIME_POINTER_CHAIN species=[120, 252, 283, 265, 261, 263]
2026-09-25T21:31:35.590+01:00 TIMING #8: field->encounter 11.526s • battle+return 17.948s • cycle 29.475s
2026-09-25T21:31:35.590+01:00 HF97 PHASE #8: boundary_wait 2.698s • pre_run_processing 0.404s • run_to_core_field 12.971s • postcore_field_authority 1.865s • accepted_run_attempt 25
2026-09-25T21:31:35.599+01:00 PASS #8: Horde x5 • Run tap 25 -> Route 102 grid [181, 130]
2026-09-25T21:31:35.677+01:00 AUTO SWEET SCENT RE-ARM: waiting 1.00 s after prior Horde field return before touchscreen route
2026-09-25T21:31:36.734+01:00 AUTO SWEET SCENT RE-ARM: PASS — battle inactive and anchor grid [181, 130] retained
2026-09-25T21:31:36.739+01:00 AUTO SWEET SCENT D25 TOUCH ROUTE: green Poké Ball (60,230) -> silver visible-slot-3 field icon (119, 119) -> Sweet Scent (170,104)
2026-09-25T21:31:37.020+01:00 AUTO SWEET SCENT TOUCH: GREEN_POKEBALL_PARTY xy=(60,230) touch_state=0x01F542FF completed=True
2026-09-25T21:31:39.049+01:00 AUTO SWEET SCENT TOUCH: SLOT3_SILVER_FIELD_ACTION xy=(119,119) touch_state=0x017EE5F2 completed=True
2026-09-25T21:31:40.074+01:00 AUTO SWEET SCENT TOUCH: SWEET_SCENT xy=(170,104) touch_state=0x016EE87F completed=True
2026-09-25T21:31:47.139+01:00 AUTO SWEET SCENT: battle active — Horde boundary acquired
2026-09-25T21:31:50.073+01:00 HORDE LEAD RAM REFRESH: Staryu moves=[55, 145, 129, 61] PP=[16, 30, 20, 15] source=RUNTIME_POINTER_CHAIN
2026-09-25T21:31:50.075+01:00 PARTY LIVE ORDER: battle pointer table -> species [120, 252, 283, 261, 263, 265] order [0, 1, 2, 4, 5, 3]
2026-09-25T21:31:50.135+01:00 #9 HORDE x5 [AUTO SWEET SCENT]: Seedot, Seedot, Seedot, Seedot, Seedot
2026-09-25T21:31:50.135+01:00   slot0 Seedot PID 0x296B2E65 XOR 50391 shiny=False
2026-09-25T21:31:50.136+01:00   slot1 Seedot PID 0xF789FCA4 XOR 51444 shiny=False
2026-09-25T21:31:50.137+01:00   slot2 Seedot PID 0x1CB0C642 XOR 6443 shiny=False
2026-09-25T21:31:50.138+01:00   slot3 Seedot PID 0x690A4F4B XOR 58776 shiny=False
2026-09-25T21:31:50.138+01:00   slot4 Seedot PID 0xBEC98BE9 XOR 63225 shiny=False
2026-09-25T21:31:50.265+01:00 HORDE AUTHORITY COMMITTED: +5 Pokémon seen before escape
2026-09-25T21:32:03.052+01:00 RUN RECOVERY EXTENSION: battle still active after 24 causal Run taps; allowing up to 24 additional bounded Run taps (48 total)
2026-09-25T21:32:04.665+01:00 PARTY LIVE ORDER D25: source=RUNTIME_POINTER_CHAIN species=[120, 252, 283, 265, 261, 263]
2026-09-25T21:32:04.666+01:00 TIMING #9: field->encounter 11.540s • battle+return 17.526s • cycle 29.066s
2026-09-25T21:32:04.667+01:00 HF97 PHASE #9: boundary_wait 2.719s • pre_run_processing 0.400s • run_to_core_field 12.873s • postcore_field_authority 1.527s • accepted_run_attempt None
2026-09-25T21:32:04.677+01:00 PASS #9: Horde x5 • Run tap None -> Route 102 grid [181, 130]
2026-09-25T21:32:04.764+01:00 AUTO SWEET SCENT RE-ARM: waiting 1.00 s after prior Horde field return before touchscreen route
2026-09-25T21:32:05.819+01:00 AUTO SWEET SCENT RE-ARM: PASS — battle inactive and anchor grid [181, 130] retained
2026-09-25T21:32:05.821+01:00 AUTO SWEET SCENT D25 TOUCH ROUTE: green Poké Ball (60,230) -> silver visible-slot-3 field icon (119, 119) -> Sweet Scent (170,104)
2026-09-25T21:32:06.108+01:00 AUTO SWEET SCENT TOUCH: GREEN_POKEBALL_PARTY xy=(60,230) touch_state=0x01F542FF completed=True
2026-09-25T21:32:08.134+01:00 AUTO SWEET SCENT TOUCH: SLOT3_SILVER_FIELD_ACTION xy=(119,119) touch_state=0x017EE5F2 completed=True
2026-09-25T21:32:09.175+01:00 AUTO SWEET SCENT TOUCH: SWEET_SCENT xy=(170,104) touch_state=0x016EE87F completed=True
2026-09-25T21:32:16.239+01:00 AUTO SWEET SCENT: battle active — Horde boundary acquired
2026-09-25T21:32:19.261+01:00 HORDE LEAD RAM REFRESH: Staryu moves=[55, 145, 129, 61] PP=[16, 30, 20, 15] source=RUNTIME_POINTER_CHAIN
2026-09-25T21:32:19.264+01:00 PARTY LIVE ORDER: battle pointer table -> species [120, 252, 283, 261, 263, 265] order [0, 1, 2, 4, 5, 3]
2026-09-25T21:32:19.342+01:00 #10 HORDE x5 [AUTO SWEET SCENT]: Zigzagoon, Zigzagoon, Zigzagoon, Zigzagoon, Zigzagoon
2026-09-25T21:32:19.343+01:00   slot0 Zigzagoon PID 0xE9F3D537 XOR 65309 shiny=False
2026-09-25T21:32:19.344+01:00   slot1 Zigzagoon PID 0xC6038808 XOR 36306 shiny=False
2026-09-25T21:32:19.344+01:00   slot2 Zigzagoon PID 0xA6D47137 XOR 5178 shiny=False
2026-09-25T21:32:19.345+01:00   slot3 Zigzagoon PID 0x5E8D67D2 XOR 64134 shiny=False
2026-09-25T21:32:19.346+01:00   slot4 Zigzagoon PID 0x8E62BF7A XOR 62145 shiny=False
2026-09-25T21:32:19.467+01:00 HORDE AUTHORITY COMMITTED: +5 Pokémon seen before escape
2026-09-25T21:32:32.359+01:00 RUN RECOVERY EXTENSION: battle still active after 24 causal Run taps; allowing up to 24 additional bounded Run taps (48 total)
2026-09-25T21:32:34.468+01:00 PARTY LIVE ORDER D25: source=RUNTIME_POINTER_CHAIN species=[120, 252, 283, 265, 261, 263]
2026-09-25T21:32:34.470+01:00 TIMING #10: field->encounter 11.563s • battle+return 18.229s • cycle 29.792s
2026-09-25T21:32:34.470+01:00 HF97 PHASE #10: boundary_wait 2.735s • pre_run_processing 0.481s • run_to_core_field 13.184s • postcore_field_authority 1.818s • accepted_run_attempt 25
2026-09-25T21:32:34.476+01:00 PASS #10: Horde x5 • Run tap 25 -> Route 102 grid [181, 130]
2026-09-25T21:32:34.560+01:00 AUTO SWEET SCENT RE-ARM: waiting 1.00 s after prior Horde field return before touchscreen route
2026-09-25T21:32:35.622+01:00 AUTO SWEET SCENT RE-ARM: PASS — battle inactive and anchor grid [181, 130] retained
2026-09-25T21:32:35.623+01:00 AUTO SWEET SCENT D25 TOUCH ROUTE: green Poké Ball (60,230) -> silver visible-slot-3 field icon (119, 119) -> Sweet Scent (170,104)
2026-09-25T21:32:35.902+01:00 AUTO SWEET SCENT TOUCH: GREEN_POKEBALL_PARTY xy=(60,230) touch_state=0x01F542FF completed=True
2026-09-25T21:32:37.934+01:00 AUTO SWEET SCENT TOUCH: SLOT3_SILVER_FIELD_ACTION xy=(119,119) touch_state=0x017EE5F2 completed=True
2026-09-25T21:32:38.972+01:00 AUTO SWEET SCENT TOUCH: SWEET_SCENT xy=(170,104) touch_state=0x016EE87F completed=True
2026-09-25T21:32:46.039+01:00 AUTO SWEET SCENT: battle active — Horde boundary acquired
2026-09-25T21:32:49.135+01:00 HORDE LEAD RAM REFRESH: Staryu moves=[55, 145, 129, 61] PP=[16, 30, 20, 15] source=RUNTIME_POINTER_CHAIN
2026-09-25T21:32:49.137+01:00 PARTY LIVE ORDER: battle pointer table -> species [120, 252, 283, 261, 263, 265] order [0, 1, 2, 4, 5, 3]
2026-09-25T21:32:49.238+01:00 #11 HORDE x5 [AUTO SWEET SCENT]: Seedot, Seedot, Seedot, Seedot, Seedot
2026-09-25T21:32:49.239+01:00   slot0 Seedot PID 0x2342B430 XOR 21675 shiny=False
2026-09-25T21:32:49.240+01:00   slot1 Seedot PID 0xB3453A0B XOR 19095 shiny=False
2026-09-25T21:32:49.241+01:00   slot2 Seedot PID 0x784503C4 XOR 47192 shiny=False
2026-09-25T21:32:49.241+01:00   slot3 Seedot PID 0x4A0B2AC1 XOR 41747 shiny=False
2026-09-25T21:32:49.242+01:00   slot4 Seedot PID 0x26DCC73F XOR 8762 shiny=False
2026-09-25T21:32:49.358+01:00 HORDE AUTHORITY COMMITTED: +5 Pokémon seen before escape
2026-09-25T21:33:03.673+01:00 PARTY LIVE ORDER D25: source=RUNTIME_POINTER_CHAIN species=[120, 252, 283, 265, 261, 263]
2026-09-25T21:33:03.675+01:00 TIMING #11: field->encounter 11.563s • battle+return 17.635s • cycle 29.199s
2026-09-25T21:33:03.676+01:00 HF97 PHASE #11: boundary_wait 2.723s • pre_run_processing 0.590s • run_to_core_field 12.171s • postcore_field_authority 2.145s • accepted_run_attempt 24
2026-09-25T21:33:03.682+01:00 PASS #11: Horde x5 • Run tap 24 -> Route 102 grid [181, 130]
2026-09-25T21:33:03.905+01:00 AUTO SWEET SCENT RE-ARM: waiting 1.00 s after prior Horde field return before touchscreen route
2026-09-25T21:33:05.098+01:00 AUTO SWEET SCENT RE-ARM: PASS — battle inactive and anchor grid [181, 130] retained
2026-09-25T21:33:05.100+01:00 AUTO SWEET SCENT D25 TOUCH ROUTE: green Poké Ball (60,230) -> silver visible-slot-3 field icon (119, 119) -> Sweet Scent (170,104)
2026-09-25T21:33:05.392+01:00 AUTO SWEET SCENT TOUCH: GREEN_POKEBALL_PARTY xy=(60,230) touch_state=0x01F542FF completed=True
2026-09-25T21:33:07.429+01:00 AUTO SWEET SCENT TOUCH: SLOT3_SILVER_FIELD_ACTION xy=(119,119) touch_state=0x017EE5F2 completed=True
2026-09-25T21:33:08.452+01:00 AUTO SWEET SCENT TOUCH: SWEET_SCENT xy=(170,104) touch_state=0x016EE87F completed=True
2026-09-25T21:33:15.635+01:00 AUTO SWEET SCENT: battle active — Horde boundary acquired
2026-09-25T21:33:18.565+01:00 HORDE LEAD RAM REFRESH: Staryu moves=[55, 145, 129, 61] PP=[16, 30, 20, 15] source=RUNTIME_POINTER_CHAIN
2026-09-25T21:33:18.567+01:00 PARTY LIVE ORDER: battle pointer table -> species [120, 252, 283, 261, 263, 265] order [0, 1, 2, 4, 5, 3]
2026-09-25T21:33:18.629+01:00 #12 HORDE x5 [AUTO SWEET SCENT]: Zigzagoon, Zigzagoon, Zigzagoon, Zigzagoon, Zigzagoon
2026-09-25T21:33:18.630+01:00   slot0 Zigzagoon PID 0xDCEB52C5 XOR 19959 shiny=False
2026-09-25T21:33:18.630+01:00   slot1 Zigzagoon PID 0x81306C8A XOR 11875 shiny=False
2026-09-25T21:33:18.631+01:00   slot2 Zigzagoon PID 0x6F6D38E6 XOR 37970 shiny=False
2026-09-25T21:33:18.632+01:00   slot3 Zigzagoon PID 0xCFEE7B26 XOR 30481 shiny=False
2026-09-25T21:33:18.632+01:00   slot4 Zigzagoon PID 0x850F2F92 XOR 26948 shiny=False
2026-09-25T21:33:18.754+01:00 HORDE AUTHORITY COMMITTED: +5 Pokémon seen before escape
2026-09-25T21:33:31.555+01:00 RUN RECOVERY EXTENSION: battle still active after 24 causal Run taps; allowing up to 24 additional bounded Run taps (48 total)
2026-09-25T21:33:33.801+01:00 PARTY LIVE ORDER D25: source=RUNTIME_POINTER_CHAIN species=[120, 252, 283, 265, 261, 263]
2026-09-25T21:33:33.804+01:00 TIMING #12: field->encounter 11.953s • battle+return 18.169s • cycle 30.121s
2026-09-25T21:33:33.805+01:00 HF97 PHASE #12: boundary_wait 2.659s • pre_run_processing 0.453s • run_to_core_field 13.068s • postcore_field_authority 1.981s • accepted_run_attempt 25
2026-09-25T21:33:33.811+01:00 PASS #12: Horde x5 • Run tap 25 -> Route 102 grid [181, 130]
2026-09-25T21:33:33.891+01:00 AUTO SWEET SCENT RE-ARM: waiting 1.00 s after prior Horde field return before touchscreen route
2026-09-25T21:33:34.952+01:00 AUTO SWEET SCENT RE-ARM: PASS — battle inactive and anchor grid [181, 130] retained
2026-09-25T21:33:34.954+01:00 AUTO SWEET SCENT D25 TOUCH ROUTE: green Poké Ball (60,230) -> silver visible-slot-3 field icon (119, 119) -> Sweet Scent (170,104)
2026-09-25T21:33:35.247+01:00 AUTO SWEET SCENT TOUCH: GREEN_POKEBALL_PARTY xy=(60,230) touch_state=0x01F542FF completed=True
2026-09-25T21:33:37.277+01:00 AUTO SWEET SCENT TOUCH: SLOT3_SILVER_FIELD_ACTION xy=(119,119) touch_state=0x017EE5F2 completed=True
2026-09-25T21:33:38.302+01:00 AUTO SWEET SCENT TOUCH: SWEET_SCENT xy=(170,104) touch_state=0x016EE87F completed=True
2026-09-25T21:33:45.397+01:00 AUTO SWEET SCENT: battle active — Horde boundary acquired
2026-09-25T21:33:48.248+01:00 HORDE LEAD RAM REFRESH: Staryu moves=[55, 145, 129, 61] PP=[16, 30, 20, 15] source=RUNTIME_POINTER_CHAIN
2026-09-25T21:33:48.249+01:00 PARTY LIVE ORDER: battle pointer table -> species [120, 252, 283, 261, 263, 265] order [0, 1, 2, 4, 5, 3]
2026-09-25T21:33:48.294+01:00 #13 HORDE x5 [AUTO SWEET SCENT]: Seedot, Seedot, Seedot, Seedot, Seedot
2026-09-25T21:33:48.295+01:00   slot0 Seedot PID 0x2A9610BE XOR 63985 shiny=False
2026-09-25T21:33:48.295+01:00   slot1 Seedot PID 0xD536EB3B XOR 64980 shiny=False
2026-09-25T21:33:48.296+01:00   slot2 Seedot PID 0x0FC175D4 XOR 47564 shiny=False
2026-09-25T21:33:48.297+01:00   slot3 Seedot PID 0x844F9B11 XOR 56455 shiny=False
2026-09-25T21:33:48.297+01:00   slot4 Seedot PID 0xE5002620 XOR 249 shiny=False
2026-09-25T21:33:48.417+01:00 HORDE AUTHORITY COMMITTED: +5 Pokémon seen before escape
2026-09-25T21:34:01.203+01:00 RUN RECOVERY EXTENSION: battle still active after 24 causal Run taps; allowing up to 24 additional bounded Run taps (48 total)
2026-09-25T21:34:02.838+01:00 PARTY LIVE ORDER D25: source=RUNTIME_POINTER_CHAIN species=[120, 252, 283, 265, 261, 263]
2026-09-25T21:34:02.843+01:00 TIMING #13: field->encounter 11.587s • battle+return 17.442s • cycle 29.028s
2026-09-25T21:34:02.844+01:00 HF97 PHASE #13: boundary_wait 2.610s • pre_run_processing 0.402s • run_to_core_field 12.884s • postcore_field_authority 1.538s • accepted_run_attempt None
2026-09-25T21:34:02.850+01:00 PASS #13: Horde x5 • Run tap None -> Route 102 grid [181, 130]
2026-09-25T21:34:02.928+01:00 AUTO SWEET SCENT RE-ARM: waiting 1.00 s after prior Horde field return before touchscreen route
2026-09-25T21:34:04.001+01:00 AUTO SWEET SCENT RE-ARM: PASS — battle inactive and anchor grid [181, 130] retained
2026-09-25T21:34:04.005+01:00 AUTO SWEET SCENT D25 TOUCH ROUTE: green Poké Ball (60,230) -> silver visible-slot-3 field icon (119, 119) -> Sweet Scent (170,104)
2026-09-25T21:34:04.293+01:00 AUTO SWEET SCENT TOUCH: GREEN_POKEBALL_PARTY xy=(60,230) touch_state=0x01F542FF completed=True
2026-09-25T21:34:06.331+01:00 AUTO SWEET SCENT TOUCH: SLOT3_SILVER_FIELD_ACTION xy=(119,119) touch_state=0x017EE5F2 completed=True
2026-09-25T21:34:07.370+01:00 AUTO SWEET SCENT TOUCH: SWEET_SCENT xy=(170,104) touch_state=0x016EE87F completed=True
2026-09-25T21:34:14.417+01:00 AUTO SWEET SCENT: battle active — Horde boundary acquired
2026-09-25T21:34:17.414+01:00 HORDE LEAD RAM REFRESH: Staryu moves=[55, 145, 129, 61] PP=[16, 30, 20, 15] source=RUNTIME_POINTER_CHAIN
2026-09-25T21:34:17.417+01:00 PARTY LIVE ORDER: battle pointer table -> species [120, 252, 283, 261, 263, 265] order [0, 1, 2, 4, 5, 3]
2026-09-25T21:34:17.467+01:00 #14 HORDE x5 [AUTO SWEET SCENT]: Ralts, Ralts, Ralts, Ralts, Ralts
2026-09-25T21:34:17.468+01:00   slot0 Ralts PID 0x07646ECC XOR 43633 shiny=False
2026-09-25T21:34:17.469+01:00   slot1 Ralts PID 0x77B0868B XOR 13026 shiny=False
2026-09-25T21:34:17.470+01:00   slot2 Ralts PID 0x2E5D1807 XOR 62851 shiny=False
2026-09-25T21:34:17.470+01:00   slot3 Ralts PID 0x5C7D89EE XOR 5706 shiny=False
2026-09-25T21:34:17.471+01:00   slot4 Ralts PID 0x77BD1BAD XOR 45001 shiny=False
2026-09-25T21:34:17.594+01:00 HORDE AUTHORITY COMMITTED: +5 Pokémon seen before escape
2026-09-25T21:34:30.452+01:00 RUN RECOVERY EXTENSION: battle still active after 24 causal Run taps; allowing up to 24 additional bounded Run taps (48 total)
2026-09-25T21:34:42.451+01:00 PARTY LIVE ORDER D25: source=RUNTIME_POINTER_CHAIN species=[120, 252, 283, 265, 261, 263]
2026-09-25T21:34:42.455+01:00 TIMING #14: field->encounter 11.567s • battle+return 28.035s • cycle 39.603s
2026-09-25T21:34:42.456+01:00 HF97 PHASE #14: boundary_wait 2.769s • pre_run_processing 0.402s • run_to_core_field 22.908s • postcore_field_authority 1.950s • accepted_run_attempt 44
2026-09-25T21:34:42.463+01:00 PASS #14: Horde x5 • Run tap 44 -> Route 102 grid [181, 130]
2026-09-25T21:34:42.568+01:00 AUTO SWEET SCENT RE-ARM: waiting 1.00 s after prior Horde field return before touchscreen route
2026-09-25T21:34:43.624+01:00 AUTO SWEET SCENT RE-ARM: PASS — battle inactive and anchor grid [181, 130] retained
2026-09-25T21:34:43.626+01:00 AUTO SWEET SCENT D25 TOUCH ROUTE: green Poké Ball (60,230) -> silver visible-slot-3 field icon (119, 119) -> Sweet Scent (170,104)
2026-09-25T21:34:43.904+01:00 AUTO SWEET SCENT TOUCH: GREEN_POKEBALL_PARTY xy=(60,230) touch_state=0x01F542FF completed=True
2026-09-25T21:34:45.931+01:00 AUTO SWEET SCENT TOUCH: SLOT3_SILVER_FIELD_ACTION xy=(119,119) touch_state=0x017EE5F2 completed=True
2026-09-25T21:34:46.958+01:00 AUTO SWEET SCENT TOUCH: SWEET_SCENT xy=(170,104) touch_state=0x016EE87F completed=True
2026-09-25T21:34:54.149+01:00 AUTO SWEET SCENT: battle active — Horde boundary acquired
2026-09-25T21:34:57.046+01:00 HORDE LEAD RAM REFRESH: Staryu moves=[55, 145, 129, 61] PP=[16, 30, 20, 15] source=RUNTIME_POINTER_CHAIN
2026-09-25T21:34:57.047+01:00 PARTY LIVE ORDER: battle pointer table -> species [120, 252, 283, 261, 263, 265] order [0, 1, 2, 4, 5, 3]
2026-09-25T21:34:57.112+01:00 #15 HORDE x5 [AUTO SWEET SCENT]: Seedot, Seedot, Seedot, Seedot, Seedot
2026-09-25T21:34:57.113+01:00   slot0 Seedot PID 0x48379C06 XOR 6120 shiny=False
2026-09-25T21:34:57.114+01:00   slot1 Seedot PID 0x61592970 XOR 35824 shiny=False
2026-09-25T21:34:57.115+01:00   slot2 Seedot PID 0xCBA91FA1 XOR 6097 shiny=False
2026-09-25T21:34:57.115+01:00   slot3 Seedot PID 0xF16783AC XOR 45330 shiny=False
2026-09-25T21:34:57.116+01:00   slot4 Seedot PID 0xEF721DF9 XOR 12626 shiny=False
2026-09-25T21:34:57.240+01:00 HORDE AUTHORITY COMMITTED: +5 Pokémon seen before escape
2026-09-25T21:35:11.071+01:00 PARTY LIVE ORDER D25: source=RUNTIME_POINTER_CHAIN species=[120, 252, 283, 265, 261, 263]
2026-09-25T21:35:11.073+01:00 TIMING #15: field->encounter 11.686s • battle+return 16.922s • cycle 28.608s
2026-09-25T21:35:11.073+01:00 HF97 PHASE #15: boundary_wait 2.648s • pre_run_processing 0.435s • run_to_core_field 11.957s • postcore_field_authority 1.875s • accepted_run_attempt 24
2026-09-25T21:35:11.079+01:00 PASS #15: Horde x5 • Run tap 24 -> Route 102 grid [181, 130]
2026-09-25T21:35:11.159+01:00 AUTO SWEET SCENT RE-ARM: waiting 1.00 s after prior Horde field return before touchscreen route
2026-09-25T21:35:12.222+01:00 AUTO SWEET SCENT RE-ARM: PASS — battle inactive and anchor grid [181, 130] retained
2026-09-25T21:35:12.223+01:00 AUTO SWEET SCENT D25 TOUCH ROUTE: green Poké Ball (60,230) -> silver visible-slot-3 field icon (119, 119) -> Sweet Scent (170,104)
2026-09-25T21:35:12.497+01:00 AUTO SWEET SCENT TOUCH: GREEN_POKEBALL_PARTY xy=(60,230) touch_state=0x01F542FF completed=True
2026-09-25T21:35:14.534+01:00 AUTO SWEET SCENT TOUCH: SLOT3_SILVER_FIELD_ACTION xy=(119,119) touch_state=0x017EE5F2 completed=True
2026-09-25T21:35:15.560+01:00 AUTO SWEET SCENT TOUCH: SWEET_SCENT xy=(170,104) touch_state=0x016EE87F completed=True
2026-09-25T21:35:22.749+01:00 AUTO SWEET SCENT: battle active — Horde boundary acquired
2026-09-25T21:35:25.643+01:00 HORDE LEAD RAM REFRESH: Staryu moves=[55, 145, 129, 61] PP=[16, 30, 20, 15] source=RUNTIME_POINTER_CHAIN
2026-09-25T21:35:25.644+01:00 PARTY LIVE ORDER: battle pointer table -> species [120, 252, 283, 261, 263, 265] order [0, 1, 2, 4, 5, 3]
2026-09-25T21:35:25.702+01:00 #16 HORDE x5 [AUTO SWEET SCENT]: Zigzagoon, Zigzagoon, Zigzagoon, Zigzagoon, Zigzagoon
2026-09-25T21:35:25.703+01:00   slot0 Zigzagoon PID 0x56F170F7 XOR 58847 shiny=False
2026-09-25T21:35:25.704+01:00   slot1 Zigzagoon PID 0x9CB39093 XOR 53241 shiny=False
2026-09-25T21:35:25.704+01:00   slot2 Zigzagoon PID 0x8C5B397D XOR 30463 shiny=False
2026-09-25T21:35:25.705+01:00   slot3 Zigzagoon PID 0x49F41F7D XOR 38224 shiny=False
2026-09-25T21:35:25.706+01:00   slot4 Zigzagoon PID 0x809936D6 XOR 30102 shiny=False
2026-09-25T21:35:25.831+01:00 HORDE AUTHORITY COMMITTED: +5 Pokémon seen before escape
2026-09-25T21:35:38.643+01:00 RUN RECOVERY EXTENSION: battle still active after 24 causal Run taps; allowing up to 24 additional bounded Run taps (48 total)
2026-09-25T21:35:41.047+01:00 PARTY LIVE ORDER D25: source=RUNTIME_POINTER_CHAIN species=[120, 252, 283, 265, 261, 263]
2026-09-25T21:35:41.051+01:00 TIMING #16: field->encounter 11.670s • battle+return 18.301s • cycle 29.971s
2026-09-25T21:35:41.052+01:00 HF97 PHASE #16: boundary_wait 2.647s • pre_run_processing 0.428s • run_to_core_field 13.081s • postcore_field_authority 2.138s • accepted_run_attempt 25
2026-09-25T21:35:41.060+01:00 PASS #16: Horde x5 • Run tap 25 -> Route 102 grid [181, 130]
2026-09-25T21:35:41.140+01:00 AUTO SWEET SCENT RE-ARM: waiting 1.00 s after prior Horde field return before touchscreen route
2026-09-25T21:35:42.283+01:00 AUTO SWEET SCENT RE-ARM: PASS — battle inactive and anchor grid [181, 130] retained
2026-09-25T21:35:42.285+01:00 AUTO SWEET SCENT D25 TOUCH ROUTE: green Poké Ball (60,230) -> silver visible-slot-3 field icon (119, 119) -> Sweet Scent (170,104)
2026-09-25T21:35:42.558+01:00 AUTO SWEET SCENT TOUCH: GREEN_POKEBALL_PARTY xy=(60,230) touch_state=0x01F542FF completed=True
2026-09-25T21:35:44.584+01:00 AUTO SWEET SCENT TOUCH: SLOT3_SILVER_FIELD_ACTION xy=(119,119) touch_state=0x017EE5F2 completed=True
2026-09-25T21:35:45.613+01:00 AUTO SWEET SCENT TOUCH: SWEET_SCENT xy=(170,104) touch_state=0x016EE87F completed=True
2026-09-25T21:35:52.683+01:00 AUTO SWEET SCENT: battle active — Horde boundary acquired
2026-09-25T21:35:55.604+01:00 HORDE LEAD RAM REFRESH: Staryu moves=[55, 145, 129, 61] PP=[16, 30, 20, 15] source=RUNTIME_POINTER_CHAIN
2026-09-25T21:35:55.608+01:00 PARTY LIVE ORDER: battle pointer table -> species [120, 252, 283, 261, 263, 265] order [0, 1, 2, 4, 5, 3]
2026-09-25T21:35:55.668+01:00 #17 HORDE x5 [AUTO SWEET SCENT]: Zigzagoon, Zigzagoon, Zigzagoon, Zigzagoon, Zigzagoon
2026-09-25T21:35:55.669+01:00   slot0 Zigzagoon PID 0x4C2D8567 XOR 2707 shiny=False
2026-09-25T21:35:55.670+01:00   slot1 Zigzagoon PID 0x734B3C24 XOR 36022 shiny=False
2026-09-25T21:35:55.671+01:00   slot2 Zigzagoon PID 0x03322D27 XOR 60876 shiny=False
2026-09-25T21:35:55.671+01:00   slot3 Zigzagoon PID 0x3BEA03CC XOR 64511 shiny=False
2026-09-25T21:35:55.672+01:00   slot4 Zigzagoon PID 0x135C9195 XOR 16656 shiny=False
2026-09-25T21:35:55.788+01:00 HORDE AUTHORITY COMMITTED: +5 Pokémon seen before escape
2026-09-25T21:36:08.618+01:00 RUN RECOVERY EXTENSION: battle still active after 24 causal Run taps; allowing up to 24 additional bounded Run taps (48 total)
2026-09-25T21:36:10.714+01:00 PARTY LIVE ORDER D25: source=RUNTIME_POINTER_CHAIN species=[120, 252, 283, 265, 261, 263]
2026-09-25T21:36:10.716+01:00 TIMING #17: field->encounter 11.623s • battle+return 18.032s • cycle 29.655s
2026-09-25T21:36:10.717+01:00 HF97 PHASE #17: boundary_wait 2.699s • pre_run_processing 0.395s • run_to_core_field 13.120s • postcore_field_authority 1.807s • accepted_run_attempt 25
2026-09-25T21:36:10.722+01:00 PASS #17: Horde x5 • Run tap 25 -> Route 102 grid [181, 130]
2026-09-25T21:36:10.806+01:00 AUTO SWEET SCENT RE-ARM: waiting 1.00 s after prior Horde field return before touchscreen route
2026-09-25T21:36:11.863+01:00 AUTO SWEET SCENT RE-ARM: PASS — battle inactive and anchor grid [181, 130] retained
2026-09-25T21:36:11.864+01:00 AUTO SWEET SCENT D25 TOUCH ROUTE: green Poké Ball (60,230) -> silver visible-slot-3 field icon (119, 119) -> Sweet Scent (170,104)
2026-09-25T21:36:12.140+01:00 AUTO SWEET SCENT TOUCH: GREEN_POKEBALL_PARTY xy=(60,230) touch_state=0x01F542FF completed=True
2026-09-25T21:36:14.174+01:00 AUTO SWEET SCENT TOUCH: SLOT3_SILVER_FIELD_ACTION xy=(119,119) touch_state=0x017EE5F2 completed=True
2026-09-25T21:36:15.197+01:00 AUTO SWEET SCENT TOUCH: SWEET_SCENT xy=(170,104) touch_state=0x016EE87F completed=True
2026-09-25T21:36:22.239+01:00 AUTO SWEET SCENT: battle active — Horde boundary acquired
2026-09-25T21:36:25.196+01:00 HORDE LEAD RAM REFRESH: Staryu moves=[55, 145, 129, 61] PP=[16, 30, 20, 15] source=RUNTIME_POINTER_CHAIN
2026-09-25T21:36:25.198+01:00 PARTY LIVE ORDER: battle pointer table -> species [120, 252, 283, 261, 263, 265] order [0, 1, 2, 4, 5, 3]
2026-09-25T21:36:25.249+01:00 #18 HORDE x5 [AUTO SWEET SCENT]: Zigzagoon, Zigzagoon, Zigzagoon, Zigzagoon, Zigzagoon
2026-09-25T21:36:25.250+01:00   slot0 Zigzagoon PID 0x4218B0C1 XOR 12544 shiny=False
2026-09-25T21:36:25.251+01:00   slot1 Zigzagoon PID 0xDB60644F XOR 31990 shiny=False
2026-09-25T21:36:25.252+01:00   slot2 Zigzagoon PID 0x6377C8A1 XOR 26639 shiny=False
2026-09-25T21:36:25.253+01:00   slot3 Zigzagoon PID 0xBBF3D968 XOR 41282 shiny=False
2026-09-25T21:36:25.254+01:00   slot4 Zigzagoon PID 0x78A5D062 XOR 27422 shiny=False
2026-09-25T21:36:25.372+01:00 HORDE AUTHORITY COMMITTED: +5 Pokémon seen before escape
2026-09-25T21:36:38.153+01:00 RUN RECOVERY EXTENSION: battle still active after 24 causal Run taps; allowing up to 24 additional bounded Run taps (48 total)
2026-09-25T21:36:40.304+01:00 PARTY LIVE ORDER D25: source=RUNTIME_POINTER_CHAIN species=[120, 252, 283, 265, 261, 263]
2026-09-25T21:36:40.306+01:00 TIMING #18: field->encounter 11.517s • battle+return 18.065s • cycle 29.582s
2026-09-25T21:36:40.307+01:00 HF97 PHASE #18: boundary_wait 2.744s • pre_run_processing 0.381s • run_to_core_field 13.050s • postcore_field_authority 1.883s • accepted_run_attempt 25
2026-09-25T21:36:40.316+01:00 PASS #18: Horde x5 • Run tap 25 -> Route 102 grid [181, 130]
2026-09-25T21:36:40.402+01:00 AUTO SWEET SCENT RE-ARM: waiting 1.00 s after prior Horde field return before touchscreen route
2026-09-25T21:36:41.457+01:00 AUTO SWEET SCENT RE-ARM: PASS — battle inactive and anchor grid [181, 130] retained
2026-09-25T21:36:41.459+01:00 AUTO SWEET SCENT D25 TOUCH ROUTE: green Poké Ball (60,230) -> silver visible-slot-3 field icon (119, 119) -> Sweet Scent (170,104)
2026-09-25T21:36:41.730+01:00 AUTO SWEET SCENT TOUCH: GREEN_POKEBALL_PARTY xy=(60,230) touch_state=0x01F542FF completed=True
2026-09-25T21:36:43.762+01:00 AUTO SWEET SCENT TOUCH: SLOT3_SILVER_FIELD_ACTION xy=(119,119) touch_state=0x017EE5F2 completed=True
2026-09-25T21:36:44.794+01:00 AUTO SWEET SCENT TOUCH: SWEET_SCENT xy=(170,104) touch_state=0x016EE87F completed=True
2026-09-25T21:36:51.985+01:00 AUTO SWEET SCENT: battle active — Horde boundary acquired
2026-09-25T21:36:54.911+01:00 HORDE LEAD RAM REFRESH: Staryu moves=[55, 145, 129, 61] PP=[16, 30, 20, 15] source=RUNTIME_POINTER_CHAIN
2026-09-25T21:36:54.912+01:00 PARTY LIVE ORDER: battle pointer table -> species [120, 252, 283, 261, 263, 265] order [0, 1, 2, 4, 5, 3]
2026-09-25T21:36:54.969+01:00 #19 HORDE x5 [AUTO SWEET SCENT]: Zigzagoon, Zigzagoon, Zigzagoon, Zigzagoon, Zigzagoon
2026-09-25T21:36:54.970+01:00   slot0 Zigzagoon PID 0x0BD56C68 XOR 42084 shiny=False
2026-09-25T21:36:54.971+01:00   slot1 Zigzagoon PID 0x90EA8754 XOR 54375 shiny=False
2026-09-25T21:36:54.971+01:00   slot2 Zigzagoon PID 0x9C8C1915 XOR 17984 shiny=False
2026-09-25T21:36:54.972+01:00   slot3 Zigzagoon PID 0xBC09EB94 XOR 37956 shiny=False
2026-09-25T21:36:54.973+01:00   slot4 Zigzagoon PID 0xEB8E2D1F XOR 1352 shiny=False
2026-09-25T21:36:55.090+01:00 HORDE AUTHORITY COMMITTED: +5 Pokémon seen before escape
2026-09-25T21:37:07.855+01:00 RUN RECOVERY EXTENSION: battle still active after 24 causal Run taps; allowing up to 24 additional bounded Run taps (48 total)
2026-09-25T21:37:10.074+01:00 PARTY LIVE ORDER D25: source=RUNTIME_POINTER_CHAIN species=[120, 252, 283, 265, 261, 263]
2026-09-25T21:37:10.078+01:00 TIMING #19: field->encounter 11.668s • battle+return 18.092s • cycle 29.761s
2026-09-25T21:37:10.079+01:00 HF97 PHASE #19: boundary_wait 2.699s • pre_run_processing 0.398s • run_to_core_field 13.050s • postcore_field_authority 1.937s • accepted_run_attempt 25
2026-09-25T21:37:10.085+01:00 PASS #19: Horde x5 • Run tap 25 -> Route 102 grid [181, 130]
2026-09-25T21:37:10.156+01:00 AUTO SWEET SCENT RE-ARM: waiting 1.00 s after prior Horde field return before touchscreen route
2026-09-25T21:37:11.216+01:00 AUTO SWEET SCENT RE-ARM: PASS — battle inactive and anchor grid [181, 130] retained
2026-09-25T21:37:11.218+01:00 AUTO SWEET SCENT D25 TOUCH ROUTE: green Poké Ball (60,230) -> silver visible-slot-3 field icon (119, 119) -> Sweet Scent (170,104)
2026-09-25T21:37:11.503+01:00 AUTO SWEET SCENT TOUCH: GREEN_POKEBALL_PARTY xy=(60,230) touch_state=0x01F542FF completed=True
2026-09-25T21:37:13.533+01:00 AUTO SWEET SCENT TOUCH: SLOT3_SILVER_FIELD_ACTION xy=(119,119) touch_state=0x017EE5F2 completed=True
2026-09-25T21:37:14.561+01:00 AUTO SWEET SCENT TOUCH: SWEET_SCENT xy=(170,104) touch_state=0x016EE87F completed=True
2026-09-25T21:37:21.586+01:00 AUTO SWEET SCENT: battle active — Horde boundary acquired
2026-09-25T21:37:24.585+01:00 HORDE LEAD RAM REFRESH: Staryu moves=[55, 145, 129, 61] PP=[16, 30, 20, 15] source=RUNTIME_POINTER_CHAIN
2026-09-25T21:37:24.587+01:00 PARTY LIVE ORDER: battle pointer table -> species [120, 252, 283, 261, 263, 265] order [0, 1, 2, 4, 5, 3]
2026-09-25T21:37:24.644+01:00 #20 HORDE x5 [AUTO SWEET SCENT]: Zigzagoon, Zigzagoon, Zigzagoon, Zigzagoon, Zigzagoon
2026-09-25T21:37:24.645+01:00   slot0 Zigzagoon PID 0x3C78948D XOR 27436 shiny=False
2026-09-25T21:37:24.646+01:00   slot1 Zigzagoon PID 0xB64F743B XOR 429 shiny=False
2026-09-25T21:37:24.650+01:00   slot2 Zigzagoon PID 0xB860BBF8 XOR 49217 shiny=False
2026-09-25T21:37:24.651+01:00   slot3 Zigzagoon PID 0x44061765 XOR 37050 shiny=False
2026-09-25T21:37:24.651+01:00   slot4 Zigzagoon PID 0x87D3C115 XOR 34079 shiny=False
2026-09-25T21:37:24.771+01:00 HORDE AUTHORITY COMMITTED: +5 Pokémon seen before escape
2026-09-25T21:37:37.510+01:00 RUN RECOVERY EXTENSION: battle still active after 24 causal Run taps; allowing up to 24 additional bounded Run taps (48 total)
2026-09-25T21:37:39.681+01:00 PARTY LIVE ORDER D25: source=RUNTIME_POINTER_CHAIN species=[120, 252, 283, 265, 261, 263]
2026-09-25T21:37:39.684+01:00 TIMING #20: field->encounter 11.502s • battle+return 18.096s • cycle 29.598s
2026-09-25T21:37:39.684+01:00 HF97 PHASE #20: boundary_wait 2.776s • pre_run_processing 0.401s • run_to_core_field 13.039s • postcore_field_authority 1.872s • accepted_run_attempt 25
2026-09-25T21:37:39.690+01:00 PASS #20: Horde x5 • Run tap 25 -> Route 102 grid [181, 130]
2026-09-25T21:37:39.764+01:00 AUTO SWEET SCENT RE-ARM: waiting 1.00 s after prior Horde field return before touchscreen route
2026-09-25T21:37:40.825+01:00 AUTO SWEET SCENT RE-ARM: PASS — battle inactive and anchor grid [181, 130] retained
2026-09-25T21:37:40.826+01:00 AUTO SWEET SCENT D25 TOUCH ROUTE: green Poké Ball (60,230) -> silver visible-slot-3 field icon (119, 119) -> Sweet Scent (170,104)
2026-09-25T21:37:41.124+01:00 AUTO SWEET SCENT TOUCH: GREEN_POKEBALL_PARTY xy=(60,230) touch_state=0x01F542FF completed=True
2026-09-25T21:37:43.164+01:00 AUTO SWEET SCENT TOUCH: SLOT3_SILVER_FIELD_ACTION xy=(119,119) touch_state=0x017EE5F2 completed=True
2026-09-25T21:37:44.188+01:00 AUTO SWEET SCENT TOUCH: SWEET_SCENT xy=(170,104) touch_state=0x016EE87F completed=True
2026-09-25T21:37:51.206+01:00 AUTO SWEET SCENT: battle active — Horde boundary acquired
2026-09-25T21:37:54.140+01:00 HORDE LEAD RAM REFRESH: Staryu moves=[55, 145, 129, 61] PP=[16, 30, 20, 15] source=RUNTIME_POINTER_CHAIN
2026-09-25T21:37:54.142+01:00 PARTY LIVE ORDER: battle pointer table -> species [120, 252, 283, 261, 263, 265] order [0, 1, 2, 4, 5, 3]
2026-09-25T21:37:54.190+01:00 #21 HORDE x5 [AUTO SWEET SCENT]: Zigzagoon, Zigzagoon, Zigzagoon, Zigzagoon, Zigzagoon
2026-09-25T21:37:54.191+01:00   slot0 Zigzagoon PID 0x4236BB86 XOR 14953 shiny=False
2026-09-25T21:37:54.192+01:00   slot1 Zigzagoon PID 0x07700F45 XOR 52204 shiny=False
2026-09-25T21:37:54.192+01:00   slot2 Zigzagoon PID 0xF84137C9 XOR 3153 shiny=False
2026-09-25T21:37:54.193+01:00   slot3 Zigzagoon PID 0x94C539F8 XOR 28388 shiny=False
2026-09-25T21:37:54.194+01:00   slot4 Zigzagoon PID 0xB510CBAD XOR 48484 shiny=False
2026-09-25T21:37:54.317+01:00 HORDE AUTHORITY COMMITTED: +5 Pokémon seen before escape
2026-09-25T21:38:07.060+01:00 RUN RECOVERY EXTENSION: battle still active after 24 causal Run taps; allowing up to 24 additional bounded Run taps (48 total)
2026-09-25T21:38:09.670+01:00 PARTY LIVE ORDER D25: source=RUNTIME_POINTER_CHAIN species=[120, 252, 283, 265, 261, 263]
2026-09-25T21:38:09.672+01:00 TIMING #21: field->encounter 11.516s • battle+return 18.464s • cycle 29.980s
2026-09-25T21:38:09.672+01:00 HF97 PHASE #21: boundary_wait 2.708s • pre_run_processing 0.395s • run_to_core_field 13.506s • postcore_field_authority 1.846s • accepted_run_attempt 26
2026-09-25T21:38:09.677+01:00 PASS #21: Horde x5 • Run tap 26 -> Route 102 grid [181, 130]
2026-09-25T21:38:09.754+01:00 AUTO SWEET SCENT RE-ARM: waiting 1.00 s after prior Horde field return before touchscreen route
2026-09-25T21:38:10.810+01:00 AUTO SWEET SCENT RE-ARM: PASS — battle inactive and anchor grid [181, 130] retained
2026-09-25T21:38:10.812+01:00 AUTO SWEET SCENT D25 TOUCH ROUTE: green Poké Ball (60,230) -> silver visible-slot-3 field icon (119, 119) -> Sweet Scent (170,104)
2026-09-25T21:38:11.113+01:00 AUTO SWEET SCENT TOUCH: GREEN_POKEBALL_PARTY xy=(60,230) touch_state=0x01F542FF completed=True
2026-09-25T21:38:13.140+01:00 AUTO SWEET SCENT TOUCH: SLOT3_SILVER_FIELD_ACTION xy=(119,119) touch_state=0x017EE5F2 completed=True
2026-09-25T21:38:14.167+01:00 AUTO SWEET SCENT TOUCH: SWEET_SCENT xy=(170,104) touch_state=0x016EE87F completed=True
2026-09-25T21:38:21.373+01:00 AUTO SWEET SCENT: battle active — Horde boundary acquired
2026-09-25T21:38:24.239+01:00 HORDE LEAD RAM REFRESH: Staryu moves=[55, 145, 129, 61] PP=[16, 30, 20, 15] source=RUNTIME_POINTER_CHAIN
2026-09-25T21:38:24.243+01:00 PARTY LIVE ORDER: battle pointer table -> species [120, 252, 283, 261, 263, 265] order [0, 1, 2, 4, 5, 3]
2026-09-25T21:38:24.290+01:00 #22 HORDE x5 [AUTO SWEET SCENT]: Zigzagoon, Zigzagoon, Zigzagoon, Zigzagoon, Zigzagoon
2026-09-25T21:38:24.292+01:00   slot0 Zigzagoon PID 0x93BEE6BD XOR 46810 shiny=False
2026-09-25T21:38:24.292+01:00   slot1 Zigzagoon PID 0xB2728224 XOR 62351 shiny=False
2026-09-25T21:38:24.293+01:00   slot2 Zigzagoon PID 0x7C4979D6 XOR 50758 shiny=False
2026-09-25T21:38:24.294+01:00   slot3 Zigzagoon PID 0x295CD71B XOR 15774 shiny=False
2026-09-25T21:38:24.294+01:00   slot4 Zigzagoon PID 0x6A04CD91 XOR 25676 shiny=False
2026-09-25T21:38:24.416+01:00 HORDE AUTHORITY COMMITTED: +5 Pokémon seen before escape
2026-09-25T21:38:37.231+01:00 RUN RECOVERY EXTENSION: battle still active after 24 causal Run taps; allowing up to 24 additional bounded Run taps (48 total)
2026-09-25T21:38:39.366+01:00 PARTY LIVE ORDER D25: source=RUNTIME_POINTER_CHAIN species=[120, 252, 283, 265, 261, 263]
2026-09-25T21:38:39.370+01:00 TIMING #22: field->encounter 11.696s • battle+return 17.996s • cycle 29.691s
2026-09-25T21:38:39.371+01:00 HF97 PHASE #22: boundary_wait 2.635s • pre_run_processing 0.401s • run_to_core_field 13.079s • postcore_field_authority 1.874s • accepted_run_attempt 25
2026-09-25T21:38:39.376+01:00 PASS #22: Horde x5 • Run tap 25 -> Route 102 grid [181, 130]
2026-09-25T21:38:39.457+01:00 AUTO SWEET SCENT RE-ARM: waiting 1.00 s after prior Horde field return before touchscreen route
2026-09-25T21:38:40.513+01:00 AUTO SWEET SCENT RE-ARM: PASS — battle inactive and anchor grid [181, 130] retained
2026-09-25T21:38:40.515+01:00 AUTO SWEET SCENT D25 TOUCH ROUTE: green Poké Ball (60,230) -> silver visible-slot-3 field icon (119, 119) -> Sweet Scent (170,104)
2026-09-25T21:38:40.816+01:00 AUTO SWEET SCENT TOUCH: GREEN_POKEBALL_PARTY xy=(60,230) touch_state=0x01F542FF completed=True
2026-09-25T21:38:42.841+01:00 AUTO SWEET SCENT TOUCH: SLOT3_SILVER_FIELD_ACTION xy=(119,119) touch_state=0x017EE5F2 completed=True
2026-09-25T21:38:43.893+01:00 AUTO SWEET SCENT TOUCH: SWEET_SCENT xy=(170,104) touch_state=0x016EE87F completed=True
2026-09-25T21:38:50.924+01:00 AUTO SWEET SCENT: battle active — Horde boundary acquired
2026-09-25T21:38:53.945+01:00 HORDE LEAD RAM REFRESH: Staryu moves=[55, 145, 129, 61] PP=[16, 30, 20, 15] source=RUNTIME_POINTER_CHAIN
2026-09-25T21:38:53.946+01:00 PARTY LIVE ORDER: battle pointer table -> species [120, 252, 283, 261, 263, 265] order [0, 1, 2, 4, 5, 3]
2026-09-25T21:38:54.024+01:00 #23 HORDE x5 [AUTO SWEET SCENT]: Zigzagoon, Zigzagoon, Zigzagoon, Zigzagoon, Zigzagoon
2026-09-25T21:38:54.025+01:00   slot0 Zigzagoon PID 0xE6634BCB XOR 28273 shiny=False
2026-09-25T21:38:54.026+01:00   slot1 Zigzagoon PID 0x18BCEEF6 XOR 13715 shiny=False
2026-09-25T21:38:54.027+01:00   slot2 Zigzagoon PID 0x8B6ADBD5 XOR 37734 shiny=False
2026-09-25T21:38:54.027+01:00   slot3 Zigzagoon PID 0x98190C60 XOR 22432 shiny=False
2026-09-25T21:38:54.028+01:00   slot4 Zigzagoon PID 0x8D248CE8 XOR 49685 shiny=False
2026-09-25T21:38:54.156+01:00 HORDE AUTHORITY COMMITTED: +5 Pokémon seen before escape
2026-09-25T21:39:06.849+01:00 RUN RECOVERY EXTENSION: battle still active after 24 causal Run taps; allowing up to 24 additional bounded Run taps (48 total)
2026-09-25T21:39:09.032+01:00 PARTY LIVE ORDER D25: source=RUNTIME_POINTER_CHAIN species=[120, 252, 283, 265, 261, 263]
2026-09-25T21:39:09.037+01:00 TIMING #23: field->encounter 11.548s • battle+return 18.112s • cycle 29.660s
2026-09-25T21:39:09.038+01:00 HF97 PHASE #23: boundary_wait 2.725s • pre_run_processing 0.499s • run_to_core_field 12.952s • postcore_field_authority 1.927s • accepted_run_attempt 25
2026-09-25T21:39:09.043+01:00 PASS #23: Horde x5 • Run tap 25 -> Route 102 grid [181, 130]
2026-09-25T21:39:09.138+01:00 AUTO SWEET SCENT RE-ARM: waiting 1.00 s after prior Horde field return before touchscreen route
2026-09-25T21:39:10.204+01:00 AUTO SWEET SCENT RE-ARM: PASS — battle inactive and anchor grid [181, 130] retained
2026-09-25T21:39:10.206+01:00 AUTO SWEET SCENT D25 TOUCH ROUTE: green Poké Ball (60,230) -> silver visible-slot-3 field icon (119, 119) -> Sweet Scent (170,104)
2026-09-25T21:39:10.485+01:00 AUTO SWEET SCENT TOUCH: GREEN_POKEBALL_PARTY xy=(60,230) touch_state=0x01F542FF completed=True
2026-09-25T21:39:12.517+01:00 AUTO SWEET SCENT TOUCH: SLOT3_SILVER_FIELD_ACTION xy=(119,119) touch_state=0x017EE5F2 completed=True
2026-09-25T21:39:13.546+01:00 AUTO SWEET SCENT TOUCH: SWEET_SCENT xy=(170,104) touch_state=0x016EE87F completed=True
2026-09-25T21:39:20.629+01:00 AUTO SWEET SCENT: battle active — Horde boundary acquired
2026-09-25T21:39:23.512+01:00 HORDE LEAD RAM REFRESH: Staryu moves=[55, 145, 129, 61] PP=[16, 30, 20, 15] source=RUNTIME_POINTER_CHAIN
2026-09-25T21:39:23.513+01:00 PARTY LIVE ORDER: battle pointer table -> species [120, 252, 283, 261, 263, 265] order [0, 1, 2, 4, 5, 3]
2026-09-25T21:39:23.561+01:00 #24 HORDE x5 [AUTO SWEET SCENT]: Seedot, Seedot, Seedot, Seedot, Seedot
2026-09-25T21:39:23.562+01:00   slot0 Seedot PID 0x676FA959 XOR 3567 shiny=False
2026-09-25T21:39:23.563+01:00   slot1 Seedot PID 0x2F20F450 XOR 6313 shiny=False
2026-09-25T21:39:23.564+01:00   slot2 Seedot PID 0x3E4F62AF XOR 40761 shiny=False
2026-09-25T21:39:23.564+01:00   slot3 Seedot PID 0x9F3450A5 XOR 3144 shiny=False
2026-09-25T21:39:23.565+01:00   slot4 Seedot PID 0xA94C4A56 XOR 8387 shiny=False
2026-09-25T21:39:23.677+01:00 HORDE AUTHORITY COMMITTED: +5 Pokémon seen before escape
2026-09-25T21:39:37.775+01:00 PARTY LIVE ORDER D25: source=RUNTIME_POINTER_CHAIN species=[120, 252, 283, 265, 261, 263]
2026-09-25T21:39:37.778+01:00 TIMING #24: field->encounter 11.585s • battle+return 17.146s • cycle 28.732s
2026-09-25T21:39:37.779+01:00 HF97 PHASE #24: boundary_wait 2.642s • pre_run_processing 0.395s • run_to_core_field 12.167s • postcore_field_authority 1.931s • accepted_run_attempt 24
2026-09-25T21:39:37.787+01:00 PASS #24: Horde x5 • Run tap 24 -> Route 102 grid [181, 130]
2026-09-25T21:39:37.874+01:00 AUTO SWEET SCENT RE-ARM: waiting 1.00 s after prior Horde field return before touchscreen route
2026-09-25T21:39:38.933+01:00 AUTO SWEET SCENT RE-ARM: PASS — battle inactive and anchor grid [181, 130] retained
2026-09-25T21:39:38.935+01:00 AUTO SWEET SCENT D25 TOUCH ROUTE: green Poké Ball (60,230) -> silver visible-slot-3 field icon (119, 119) -> Sweet Scent (170,104)
2026-09-25T21:39:39.212+01:00 AUTO SWEET SCENT TOUCH: GREEN_POKEBALL_PARTY xy=(60,230) touch_state=0x01F542FF completed=True
2026-09-25T21:39:41.251+01:00 AUTO SWEET SCENT TOUCH: SLOT3_SILVER_FIELD_ACTION xy=(119,119) touch_state=0x017EE5F2 completed=True
2026-09-25T21:39:42.284+01:00 AUTO SWEET SCENT TOUCH: SWEET_SCENT xy=(170,104) touch_state=0x016EE87F completed=True
2026-09-25T21:39:49.311+01:00 AUTO SWEET SCENT: battle active — Horde boundary acquired
2026-09-25T21:39:52.293+01:00 HORDE LEAD RAM REFRESH: Staryu moves=[55, 145, 129, 61] PP=[16, 30, 20, 15] source=RUNTIME_POINTER_CHAIN
2026-09-25T21:39:52.295+01:00 PARTY LIVE ORDER: battle pointer table -> species [120, 252, 283, 261, 263, 265] order [0, 1, 2, 4, 5, 3]
2026-09-25T21:39:52.357+01:00 #25 HORDE x5 [AUTO SWEET SCENT]: Zigzagoon, Zigzagoon, Zigzagoon, Zigzagoon, Zigzagoon
2026-09-25T21:39:52.358+01:00   slot0 Zigzagoon PID 0x587221E1 XOR 47690 shiny=False
2026-09-25T21:39:52.358+01:00   slot1 Zigzagoon PID 0x1EA8650B XOR 47226 shiny=False
2026-09-25T21:39:52.359+01:00   slot2 Zigzagoon PID 0x25B9ECF4 XOR 2708 shiny=False
2026-09-25T21:39:52.360+01:00   slot3 Zigzagoon PID 0x107BAB52 XOR 30960 shiny=False
2026-09-25T21:39:52.361+01:00   slot4 Zigzagoon PID 0x3106A8D4 XOR 23051 shiny=False
2026-09-25T21:39:52.487+01:00 HORDE AUTHORITY COMMITTED: +5 Pokémon seen before escape
2026-09-25T21:40:05.344+01:00 RUN RECOVERY EXTENSION: battle still active after 24 causal Run taps; allowing up to 24 additional bounded Run taps (48 total)
2026-09-25T21:40:07.553+01:00 PARTY LIVE ORDER D25: source=RUNTIME_POINTER_CHAIN species=[120, 252, 283, 265, 261, 263]
2026-09-25T21:40:07.555+01:00 TIMING #25: field->encounter 11.524s • battle+return 18.242s • cycle 29.767s
2026-09-25T21:40:07.556+01:00 HF97 PHASE #25: boundary_wait 2.736s • pre_run_processing 0.432s • run_to_core_field 13.154s • postcore_field_authority 1.913s • accepted_run_attempt 25
2026-09-25T21:40:07.562+01:00 PASS #25: Horde x5 • Run tap 25 -> Route 102 grid [181, 130]
2026-09-25T21:40:07.640+01:00 AUTO SWEET SCENT RE-ARM: waiting 1.00 s after prior Horde field return before touchscreen route
2026-09-25T21:40:08.724+01:00 AUTO SWEET SCENT RE-ARM: PASS — battle inactive and anchor grid [181, 130] retained
2026-09-25T21:40:08.727+01:00 AUTO SWEET SCENT D25 TOUCH ROUTE: green Poké Ball (60,230) -> silver visible-slot-3 field icon (119, 119) -> Sweet Scent (170,104)
2026-09-25T21:40:09.023+01:00 AUTO SWEET SCENT TOUCH: GREEN_POKEBALL_PARTY xy=(60,230) touch_state=0x01F542FF completed=True
2026-09-25T21:40:11.058+01:00 AUTO SWEET SCENT TOUCH: SLOT3_SILVER_FIELD_ACTION xy=(119,119) touch_state=0x017EE5F2 completed=True
2026-09-25T21:40:12.102+01:00 AUTO SWEET SCENT TOUCH: SWEET_SCENT xy=(170,104) touch_state=0x016EE87F completed=True
2026-09-25T21:40:19.207+01:00 AUTO SWEET SCENT: battle active — Horde boundary acquired
2026-09-25T21:40:22.109+01:00 HORDE LEAD RAM REFRESH: Staryu moves=[55, 145, 129, 61] PP=[16, 30, 20, 15] source=RUNTIME_POINTER_CHAIN
2026-09-25T21:40:22.110+01:00 PARTY LIVE ORDER: battle pointer table -> species [120, 252, 283, 261, 263, 265] order [0, 1, 2, 4, 5, 3]
2026-09-25T21:40:22.162+01:00 #26 HORDE x5 [AUTO SWEET SCENT]: Zigzagoon, Zigzagoon, Zigzagoon, Zigzagoon, Zigzagoon
2026-09-25T21:40:22.163+01:00   slot0 Zigzagoon PID 0x883EB7AD XOR 64586 shiny=False
2026-09-25T21:40:22.164+01:00   slot1 Zigzagoon PID 0x3C3F7586 XOR 35424 shiny=False
2026-09-25T21:40:22.165+01:00   slot2 Zigzagoon PID 0xE35BE569 XOR 50667 shiny=False
2026-09-25T21:40:22.165+01:00   slot3 Zigzagoon PID 0xF024DC32 XOR 61391 shiny=False
2026-09-25T21:40:22.166+01:00   slot4 Zigzagoon PID 0x6830401D XOR 60404 shiny=False
2026-09-25T21:40:22.290+01:00 HORDE AUTHORITY COMMITTED: +5 Pokémon seen before escape
2026-09-25T21:40:34.953+01:00 RUN RECOVERY EXTENSION: battle still active after 24 causal Run taps; allowing up to 24 additional bounded Run taps (48 total)
2026-09-25T21:40:37.630+01:00 PARTY LIVE ORDER D25: source=RUNTIME_POINTER_CHAIN species=[120, 252, 283, 265, 261, 263]
2026-09-25T21:40:37.632+01:00 TIMING #26: field->encounter 11.645s • battle+return 18.424s • cycle 30.070s
2026-09-25T21:40:37.633+01:00 HF97 PHASE #26: boundary_wait 2.659s • pre_run_processing 0.419s • run_to_core_field 13.455s • postcore_field_authority 1.885s • accepted_run_attempt 26
2026-09-25T21:40:37.640+01:00 PASS #26: Horde x5 • Run tap 26 -> Route 102 grid [181, 130]
2026-09-25T21:40:37.717+01:00 AUTO SWEET SCENT RE-ARM: waiting 1.00 s after prior Horde field return before touchscreen route
2026-09-25T21:40:38.783+01:00 AUTO SWEET SCENT RE-ARM: PASS — battle inactive and anchor grid [181, 130] retained
2026-09-25T21:40:38.786+01:00 AUTO SWEET SCENT D25 TOUCH ROUTE: green Poké Ball (60,230) -> silver visible-slot-3 field icon (119, 119) -> Sweet Scent (170,104)
2026-09-25T21:40:39.056+01:00 AUTO SWEET SCENT TOUCH: GREEN_POKEBALL_PARTY xy=(60,230) touch_state=0x01F542FF completed=True
2026-09-25T21:40:41.107+01:00 AUTO SWEET SCENT TOUCH: SLOT3_SILVER_FIELD_ACTION xy=(119,119) touch_state=0x017EE5F2 completed=True
2026-09-25T21:40:42.132+01:00 AUTO SWEET SCENT TOUCH: SWEET_SCENT xy=(170,104) touch_state=0x016EE87F completed=True
2026-09-25T21:40:49.236+01:00 AUTO SWEET SCENT: battle active — Horde boundary acquired
2026-09-25T21:40:52.132+01:00 HORDE LEAD RAM REFRESH: Staryu moves=[55, 145, 129, 61] PP=[16, 30, 20, 15] source=RUNTIME_POINTER_CHAIN
2026-09-25T21:40:52.136+01:00 PARTY LIVE ORDER: battle pointer table -> species [120, 252, 283, 261, 263, 265] order [0, 1, 2, 4, 5, 3]
2026-09-25T21:40:52.191+01:00 #27 HORDE x5 [AUTO SWEET SCENT]: Seedot, Seedot, Seedot, Seedot, Seedot
2026-09-25T21:40:52.192+01:00   slot0 Seedot PID 0xC5296689 XOR 24697 shiny=False
2026-09-25T21:40:52.192+01:00   slot1 Seedot PID 0xC590BB55 XOR 48412 shiny=False
2026-09-25T21:40:52.193+01:00   slot2 Seedot PID 0x08BEAD98 XOR 26367 shiny=False
2026-09-25T21:40:52.194+01:00   slot3 Seedot PID 0xEF5BD23F XOR 65213 shiny=False
2026-09-25T21:40:52.195+01:00   slot4 Seedot PID 0xFD3FA2B5 XOR 40019 shiny=False
2026-09-25T21:40:52.318+01:00 HORDE AUTHORITY COMMITTED: +5 Pokémon seen before escape
2026-09-25T21:41:06.287+01:00 PARTY LIVE ORDER D25: source=RUNTIME_POINTER_CHAIN species=[120, 252, 283, 265, 261, 263]
2026-09-25T21:41:06.291+01:00 TIMING #27: field->encounter 11.596s • battle+return 17.052s • cycle 28.649s
2026-09-25T21:41:06.292+01:00 HF97 PHASE #27: boundary_wait 2.658s • pre_run_processing 0.418s • run_to_core_field 12.061s • postcore_field_authority 1.908s • accepted_run_attempt 24
2026-09-25T21:41:06.298+01:00 PASS #27: Horde x5 • Run tap 24 -> Route 102 grid [181, 130]
2026-09-25T21:41:06.382+01:00 AUTO SWEET SCENT RE-ARM: waiting 1.00 s after prior Horde field return before touchscreen route
2026-09-25T21:41:07.442+01:00 AUTO SWEET SCENT RE-ARM: PASS — battle inactive and anchor grid [181, 130] retained
2026-09-25T21:41:07.444+01:00 AUTO SWEET SCENT D25 TOUCH ROUTE: green Poké Ball (60,230) -> silver visible-slot-3 field icon (119, 119) -> Sweet Scent (170,104)
2026-09-25T21:41:07.730+01:00 AUTO SWEET SCENT TOUCH: GREEN_POKEBALL_PARTY xy=(60,230) touch_state=0x01F542FF completed=True
2026-09-25T21:41:09.755+01:00 AUTO SWEET SCENT TOUCH: SLOT3_SILVER_FIELD_ACTION xy=(119,119) touch_state=0x017EE5F2 completed=True
2026-09-25T21:41:10.780+01:00 AUTO SWEET SCENT TOUCH: SWEET_SCENT xy=(170,104) touch_state=0x016EE87F completed=True
2026-09-25T21:41:17.822+01:00 AUTO SWEET SCENT: battle active — Horde boundary acquired
2026-09-25T21:41:20.808+01:00 HORDE LEAD RAM REFRESH: Staryu moves=[55, 145, 129, 61] PP=[16, 30, 20, 15] source=RUNTIME_POINTER_CHAIN
2026-09-25T21:41:20.810+01:00 PARTY LIVE ORDER: battle pointer table -> species [120, 252, 283, 261, 263, 265] order [0, 1, 2, 4, 5, 3]
2026-09-25T21:41:20.870+01:00 #28 HORDE x5 [AUTO SWEET SCENT]: Seedot, Seedot, Seedot, Seedot, Seedot
2026-09-25T21:41:20.871+01:00   slot0 Seedot PID 0x13E211CE XOR 49653 shiny=False
2026-09-25T21:41:20.872+01:00   slot1 Seedot PID 0x7C9EE006 XOR 24385 shiny=False
2026-09-25T21:41:20.873+01:00   slot2 Seedot PID 0xAA272B09 XOR 17143 shiny=False
2026-09-25T21:41:20.874+01:00   slot3 Seedot PID 0xB98181C4 XOR 64412 shiny=False
2026-09-25T21:41:20.874+01:00   slot4 Seedot PID 0x75A64E66 XOR 63513 shiny=False
2026-09-25T21:41:20.999+01:00 HORDE AUTHORITY COMMITTED: +5 Pokémon seen before escape
2026-09-25T21:41:34.899+01:00 PARTY LIVE ORDER D25: source=RUNTIME_POINTER_CHAIN species=[120, 252, 283, 265, 261, 263]
2026-09-25T21:41:34.902+01:00 TIMING #28: field->encounter 11.524s • battle+return 17.079s • cycle 28.603s
2026-09-25T21:41:34.903+01:00 HF97 PHASE #28: boundary_wait 2.745s • pre_run_processing 0.425s • run_to_core_field 11.956s • postcore_field_authority 1.946s • accepted_run_attempt 24
2026-09-25T21:41:34.909+01:00 PASS #28: Horde x5 • Run tap 24 -> Route 102 grid [181, 130]
2026-09-25T21:41:34.990+01:00 AUTO SWEET SCENT RE-ARM: waiting 1.00 s after prior Horde field return before touchscreen route
2026-09-25T21:41:36.053+01:00 AUTO SWEET SCENT RE-ARM: PASS — battle inactive and anchor grid [181, 130] retained
2026-09-25T21:41:36.057+01:00 AUTO SWEET SCENT D25 TOUCH ROUTE: green Poké Ball (60,230) -> silver visible-slot-3 field icon (119, 119) -> Sweet Scent (170,104)
2026-09-25T21:41:36.346+01:00 AUTO SWEET SCENT TOUCH: GREEN_POKEBALL_PARTY xy=(60,230) touch_state=0x01F542FF completed=True
2026-09-25T21:41:38.396+01:00 AUTO SWEET SCENT TOUCH: SLOT3_SILVER_FIELD_ACTION xy=(119,119) touch_state=0x017EE5F2 completed=True
2026-09-25T21:41:39.422+01:00 AUTO SWEET SCENT TOUCH: SWEET_SCENT xy=(170,104) touch_state=0x016EE87F completed=True
2026-09-25T21:41:46.623+01:00 AUTO SWEET SCENT: battle active — Horde boundary acquired
2026-09-25T21:41:49.464+01:00 HORDE LEAD RAM REFRESH: Staryu moves=[55, 145, 129, 61] PP=[16, 30, 20, 15] source=RUNTIME_POINTER_CHAIN
2026-09-25T21:41:49.469+01:00 PARTY LIVE ORDER: battle pointer table -> species [120, 252, 283, 261, 263, 265] order [0, 1, 2, 4, 5, 3]
2026-09-25T21:41:49.518+01:00 #29 HORDE x5 [AUTO SWEET SCENT]: Seedot, Seedot, Seedot, Seedot, Seedot
2026-09-25T21:41:49.519+01:00   slot0 Seedot PID 0xB47E75F7 XOR 592 shiny=False
2026-09-25T21:41:49.520+01:00   slot1 Seedot PID 0xCD62C19B XOR 53024 shiny=False
2026-09-25T21:41:49.520+01:00   slot2 Seedot PID 0x2BA360F9 XOR 34947 shiny=False
2026-09-25T21:41:49.521+01:00   slot3 Seedot PID 0xA71EA4EC XOR 49195 shiny=False
2026-09-25T21:41:49.522+01:00   slot4 Seedot PID 0xD58F7909 XOR 28511 shiny=False
2026-09-25T21:41:49.637+01:00 HORDE AUTHORITY COMMITTED: +5 Pokémon seen before escape
2026-09-25T21:42:03.645+01:00 PARTY LIVE ORDER D25: source=RUNTIME_POINTER_CHAIN species=[120, 252, 283, 265, 261, 263]
2026-09-25T21:42:03.647+01:00 TIMING #29: field->encounter 11.715s • battle+return 17.022s • cycle 28.738s
2026-09-25T21:42:03.648+01:00 HF97 PHASE #29: boundary_wait 2.616s • pre_run_processing 0.390s • run_to_core_field 12.095s • postcore_field_authority 1.914s • accepted_run_attempt 24
2026-09-25T21:42:03.653+01:00 PASS #29: Horde x5 • Run tap 24 -> Route 102 grid [181, 130]
2026-09-25T21:42:03.739+01:00 AUTO SWEET SCENT RE-ARM: waiting 1.00 s after prior Horde field return before touchscreen route
2026-09-25T21:42:04.798+01:00 AUTO SWEET SCENT RE-ARM: PASS — battle inactive and anchor grid [181, 130] retained
2026-09-25T21:42:04.800+01:00 AUTO SWEET SCENT D25 TOUCH ROUTE: green Poké Ball (60,230) -> silver visible-slot-3 field icon (119, 119) -> Sweet Scent (170,104)
2026-09-25T21:42:05.083+01:00 AUTO SWEET SCENT TOUCH: GREEN_POKEBALL_PARTY xy=(60,230) touch_state=0x01F542FF completed=True
2026-09-25T21:42:07.115+01:00 AUTO SWEET SCENT TOUCH: SLOT3_SILVER_FIELD_ACTION xy=(119,119) touch_state=0x017EE5F2 completed=True
2026-09-25T21:42:08.142+01:00 AUTO SWEET SCENT TOUCH: SWEET_SCENT xy=(170,104) touch_state=0x016EE87F completed=True
2026-09-25T21:42:15.275+01:00 AUTO SWEET SCENT: battle active — Horde boundary acquired
2026-09-25T21:42:18.137+01:00 HORDE LEAD RAM REFRESH: Staryu moves=[55, 145, 129, 61] PP=[16, 30, 20, 15] source=RUNTIME_POINTER_CHAIN
2026-09-25T21:42:18.138+01:00 PARTY LIVE ORDER: battle pointer table -> species [120, 252, 283, 261, 263, 265] order [0, 1, 2, 4, 5, 3]
2026-09-25T21:42:18.193+01:00 #30 HORDE x5 [AUTO SWEET SCENT]: Seedot, Seedot, Seedot, Seedot, Seedot
2026-09-25T21:42:18.194+01:00   slot0 Seedot PID 0xCFCD34B8 XOR 14508 shiny=False
2026-09-25T21:42:18.195+01:00   slot1 Seedot PID 0xEC27BA4F XOR 38321 shiny=False
2026-09-25T21:42:18.196+01:00   slot2 Seedot PID 0x25629218 XOR 29859 shiny=False
2026-09-25T21:42:18.197+01:00   slot3 Seedot PID 0x62DD95D3 XOR 13527 shiny=False
2026-09-25T21:42:18.198+01:00   slot4 Seedot PID 0xEC163142 XOR 7821 shiny=False
2026-09-25T21:42:18.325+01:00 HORDE AUTHORITY COMMITTED: +5 Pokémon seen before escape
2026-09-25T21:42:32.263+01:00 PARTY LIVE ORDER D25: source=RUNTIME_POINTER_CHAIN species=[120, 252, 283, 265, 261, 263]
2026-09-25T21:42:32.265+01:00 TIMING #30: field->encounter 11.622s • battle+return 16.989s • cycle 28.611s
2026-09-25T21:42:32.266+01:00 HF97 PHASE #30: boundary_wait 2.627s • pre_run_processing 0.416s • run_to_core_field 12.001s • postcore_field_authority 1.939s • accepted_run_attempt 24
2026-09-25T21:42:32.273+01:00 PASS #30: Horde x5 • Run tap 24 -> Route 102 grid [181, 130]
2026-09-25T21:42:32.364+01:00 AUTO SWEET SCENT RE-ARM: waiting 1.00 s after prior Horde field return before touchscreen route
2026-09-25T21:42:33.423+01:00 AUTO SWEET SCENT RE-ARM: PASS — battle inactive and anchor grid [181, 130] retained
2026-09-25T21:42:33.426+01:00 AUTO SWEET SCENT D25 TOUCH ROUTE: green Poké Ball (60,230) -> silver visible-slot-3 field icon (119, 119) -> Sweet Scent (170,104)
2026-09-25T21:42:33.725+01:00 AUTO SWEET SCENT TOUCH: GREEN_POKEBALL_PARTY xy=(60,230) touch_state=0x01F542FF completed=True
2026-09-25T21:42:35.773+01:00 AUTO SWEET SCENT TOUCH: SLOT3_SILVER_FIELD_ACTION xy=(119,119) touch_state=0x017EE5F2 completed=True
2026-09-25T21:42:36.822+01:00 AUTO SWEET SCENT TOUCH: SWEET_SCENT xy=(170,104) touch_state=0x016EE87F completed=True
2026-09-25T21:42:43.904+01:00 AUTO SWEET SCENT: battle active — Horde boundary acquired
2026-09-25T21:42:46.820+01:00 HORDE LEAD RAM REFRESH: Staryu moves=[55, 145, 129, 61] PP=[16, 30, 20, 15] source=RUNTIME_POINTER_CHAIN
2026-09-25T21:42:46.821+01:00 PARTY LIVE ORDER: battle pointer table -> species [120, 252, 283, 261, 263, 265] order [0, 1, 2, 4, 5, 3]
2026-09-25T21:42:46.879+01:00 #31 HORDE x5 [AUTO SWEET SCENT]: Seedot, Seedot, Seedot, Seedot, Seedot
2026-09-25T21:42:46.880+01:00   slot0 Seedot PID 0xEA18F80B XOR 53706 shiny=False
2026-09-25T21:42:46.883+01:00   slot1 Seedot PID 0xF4365C0F XOR 27616 shiny=False
2026-09-25T21:42:46.884+01:00   slot2 Seedot PID 0xCBC590F8 XOR 39140 shiny=False
2026-09-25T21:42:46.885+01:00   slot3 Seedot PID 0x029AF8F3 XOR 14768 shiny=False
2026-09-25T21:42:46.886+01:00   slot4 Seedot PID 0x594FF185 XOR 27411 shiny=False
2026-09-25T21:42:47.007+01:00 HORDE AUTHORITY COMMITTED: +5 Pokémon seen before escape
2026-09-25T21:43:01.049+01:00 PARTY LIVE ORDER D25: source=RUNTIME_POINTER_CHAIN species=[120, 252, 283, 265, 261, 263]
2026-09-25T21:43:01.051+01:00 TIMING #31: field->encounter 11.631s • battle+return 17.146s • cycle 28.776s
2026-09-25T21:43:01.051+01:00 HF97 PHASE #31: boundary_wait 2.695s • pre_run_processing 0.397s • run_to_core_field 12.120s • postcore_field_authority 1.923s • accepted_run_attempt 24
2026-09-25T21:43:01.060+01:00 PASS #31: Horde x5 • Run tap 24 -> Route 102 grid [181, 130]
2026-09-25T21:43:01.141+01:00 AUTO SWEET SCENT RE-ARM: waiting 1.00 s after prior Horde field return before touchscreen route
2026-09-25T21:43:02.200+01:00 AUTO SWEET SCENT RE-ARM: PASS — battle inactive and anchor grid [181, 130] retained
2026-09-25T21:43:02.201+01:00 AUTO SWEET SCENT D25 TOUCH ROUTE: green Poké Ball (60,230) -> silver visible-slot-3 field icon (119, 119) -> Sweet Scent (170,104)
2026-09-25T21:43:02.478+01:00 AUTO SWEET SCENT TOUCH: GREEN_POKEBALL_PARTY xy=(60,230) touch_state=0x01F542FF completed=True
2026-09-25T21:43:04.518+01:00 AUTO SWEET SCENT TOUCH: SLOT3_SILVER_FIELD_ACTION xy=(119,119) touch_state=0x017EE5F2 completed=True
2026-09-25T21:43:05.643+01:00 AUTO SWEET SCENT TOUCH: SWEET_SCENT xy=(170,104) touch_state=0x016EE87F completed=True
2026-09-25T21:43:12.722+01:00 AUTO SWEET SCENT: battle active — Horde boundary acquired
2026-09-25T21:43:15.643+01:00 HORDE LEAD RAM REFRESH: Staryu moves=[55, 145, 129, 61] PP=[16, 30, 20, 15] source=RUNTIME_POINTER_CHAIN
2026-09-25T21:43:15.645+01:00 PARTY LIVE ORDER: battle pointer table -> species [120, 252, 283, 261, 263, 265] order [0, 1, 2, 4, 5, 3]
2026-09-25T21:43:15.705+01:00 #32 HORDE x5 [AUTO SWEET SCENT]: Zigzagoon, Zigzagoon, Zigzagoon, Zigzagoon, Zigzagoon
2026-09-25T21:43:15.706+01:00   slot0 Zigzagoon PID 0x0E84C73E XOR 2659 shiny=False
2026-09-25T21:43:15.707+01:00   slot1 Zigzagoon PID 0x09203F4B XOR 62898 shiny=False
2026-09-25T21:43:15.708+01:00   slot2 Zigzagoon PID 0x76D84F3D XOR 64060 shiny=False
2026-09-25T21:43:15.709+01:00   slot3 Zigzagoon PID 0x0E9F6C33 XOR 41333 shiny=False
2026-09-25T21:43:15.709+01:00   slot4 Zigzagoon PID 0x8069A176 XOR 58054 shiny=False
2026-09-25T21:43:15.832+01:00 HORDE AUTHORITY COMMITTED: +5 Pokémon seen before escape
2026-09-25T21:43:28.526+01:00 RUN RECOVERY EXTENSION: battle still active after 24 causal Run taps; allowing up to 24 additional bounded Run taps (48 total)
2026-09-25T21:43:31.205+01:00 PARTY LIVE ORDER D25: source=RUNTIME_POINTER_CHAIN species=[120, 252, 283, 265, 261, 263]
2026-09-25T21:43:31.208+01:00 TIMING #32: field->encounter 11.662s • battle+return 18.484s • cycle 30.146s
2026-09-25T21:43:31.209+01:00 HF97 PHASE #32: boundary_wait 2.691s • pre_run_processing 0.409s • run_to_core_field 13.464s • postcore_field_authority 1.910s • accepted_run_attempt 26
2026-09-25T21:43:31.215+01:00 PASS #32: Horde x5 • Run tap 26 -> Route 102 grid [181, 130]
2026-09-25T21:43:31.308+01:00 AUTO SWEET SCENT RE-ARM: waiting 1.00 s after prior Horde field return before touchscreen route
2026-09-25T21:43:32.370+01:00 AUTO SWEET SCENT RE-ARM: PASS — battle inactive and anchor grid [181, 130] retained
2026-09-25T21:43:32.372+01:00 AUTO SWEET SCENT D25 TOUCH ROUTE: green Poké Ball (60,230) -> silver visible-slot-3 field icon (119, 119) -> Sweet Scent (170,104)
2026-09-25T21:43:32.685+01:00 AUTO SWEET SCENT TOUCH: GREEN_POKEBALL_PARTY xy=(60,230) touch_state=0x01F542FF completed=True
2026-09-25T21:43:34.713+01:00 AUTO SWEET SCENT TOUCH: SLOT3_SILVER_FIELD_ACTION xy=(119,119) touch_state=0x017EE5F2 completed=True
2026-09-25T21:43:35.763+01:00 AUTO SWEET SCENT TOUCH: SWEET_SCENT xy=(170,104) touch_state=0x016EE87F completed=True
2026-09-25T21:43:42.815+01:00 AUTO SWEET SCENT: battle active — Horde boundary acquired
2026-09-25T21:43:45.786+01:00 HORDE LEAD RAM REFRESH: Staryu moves=[55, 145, 129, 61] PP=[16, 30, 20, 15] source=RUNTIME_POINTER_CHAIN
2026-09-25T21:43:45.788+01:00 PARTY LIVE ORDER: battle pointer table -> species [120, 252, 283, 261, 263, 265] order [0, 1, 2, 4, 5, 3]
2026-09-25T21:43:45.839+01:00 #33 HORDE x5 [AUTO SWEET SCENT]: Seedot, Seedot, Seedot, Seedot, Seedot
2026-09-25T21:43:45.840+01:00   slot0 Seedot PID 0x07D0AEAA XOR 27299 shiny=False
2026-09-25T21:43:45.840+01:00   slot1 Seedot PID 0x23CC24C6 XOR 50387 shiny=False
2026-09-25T21:43:45.841+01:00   slot2 Seedot PID 0x95FACB8F XOR 40364 shiny=False
2026-09-25T21:43:45.842+01:00   slot3 Seedot PID 0xFB1B92BF XOR 43645 shiny=False
2026-09-25T21:43:45.843+01:00   slot4 Seedot PID 0xCA03488B XOR 16721 shiny=False
2026-09-25T21:43:45.958+01:00 HORDE AUTHORITY COMMITTED: +5 Pokémon seen before escape
2026-09-25T21:43:59.959+01:00 PARTY LIVE ORDER D25: source=RUNTIME_POINTER_CHAIN species=[120, 252, 283, 265, 261, 263]
2026-09-25T21:43:59.962+01:00 TIMING #33: field->encounter 11.600s • battle+return 17.146s • cycle 28.746s
2026-09-25T21:43:59.963+01:00 HF97 PHASE #33: boundary_wait 2.740s • pre_run_processing 0.396s • run_to_core_field 12.053s • postcore_field_authority 1.950s • accepted_run_attempt 24
2026-09-25T21:43:59.969+01:00 PASS #33: Horde x5 • Run tap 24 -> Route 102 grid [181, 130]
2026-09-25T21:44:00.053+01:00 AUTO SWEET SCENT RE-ARM: waiting 1.00 s after prior Horde field return before touchscreen route
2026-09-25T21:44:01.124+01:00 AUTO SWEET SCENT RE-ARM: PASS — battle inactive and anchor grid [181, 130] retained
2026-09-25T21:44:01.126+01:00 AUTO SWEET SCENT D25 TOUCH ROUTE: green Poké Ball (60,230) -> silver visible-slot-3 field icon (119, 119) -> Sweet Scent (170,104)
2026-09-25T21:44:01.424+01:00 AUTO SWEET SCENT TOUCH: GREEN_POKEBALL_PARTY xy=(60,230) touch_state=0x01F542FF completed=True
2026-09-25T21:44:03.468+01:00 AUTO SWEET SCENT TOUCH: SLOT3_SILVER_FIELD_ACTION xy=(119,119) touch_state=0x017EE5F2 completed=True
2026-09-25T21:44:04.504+01:00 AUTO SWEET SCENT TOUCH: SWEET_SCENT xy=(170,104) touch_state=0x016EE87F completed=True
2026-09-25T21:44:11.563+01:00 AUTO SWEET SCENT: battle active — Horde boundary acquired
2026-09-25T21:44:14.527+01:00 HORDE LEAD RAM REFRESH: Staryu moves=[55, 145, 129, 61] PP=[16, 30, 20, 15] source=RUNTIME_POINTER_CHAIN
2026-09-25T21:44:14.529+01:00 PARTY LIVE ORDER: battle pointer table -> species [120, 252, 283, 261, 263, 265] order [0, 1, 2, 4, 5, 3]
2026-09-25T21:44:14.582+01:00 #34 HORDE x5 [AUTO SWEET SCENT]: Seedot, Seedot, Seedot, Seedot, Seedot
2026-09-25T21:44:14.583+01:00   slot0 Seedot PID 0x196AA43A XOR 32393 shiny=False
2026-09-25T21:44:14.584+01:00   slot1 Seedot PID 0xFDFD9351 XOR 44405 shiny=False
2026-09-25T21:44:14.584+01:00   slot2 Seedot PID 0x30DDF9F1 XOR 2805 shiny=False
2026-09-25T21:44:14.585+01:00   slot3 Seedot PID 0x1BB15F99 XOR 34801 shiny=False
2026-09-25T21:44:14.586+01:00   slot4 Seedot PID 0x85346FA6 XOR 10571 shiny=False
2026-09-25T21:44:14.704+01:00 HORDE AUTHORITY COMMITTED: +5 Pokémon seen before escape
2026-09-25T21:44:28.655+01:00 PARTY LIVE ORDER D25: source=RUNTIME_POINTER_CHAIN species=[120, 252, 283, 265, 261, 263]
2026-09-25T21:44:28.658+01:00 TIMING #34: field->encounter 11.594s • battle+return 17.094s • cycle 28.687s
2026-09-25T21:44:28.659+01:00 HF97 PHASE #34: boundary_wait 2.746s • pre_run_processing 0.389s • run_to_core_field 12.075s • postcore_field_authority 1.877s • accepted_run_attempt 24
2026-09-25T21:44:28.665+01:00 PASS #34: Horde x5 • Run tap 24 -> Route 102 grid [181, 130]
2026-09-25T21:44:28.750+01:00 AUTO SWEET SCENT RE-ARM: waiting 1.00 s after prior Horde field return before touchscreen route
2026-09-25T21:44:29.836+01:00 AUTO SWEET SCENT RE-ARM: PASS — battle inactive and anchor grid [181, 130] retained
2026-09-25T21:44:29.838+01:00 AUTO SWEET SCENT D25 TOUCH ROUTE: green Poké Ball (60,230) -> silver visible-slot-3 field icon (119, 119) -> Sweet Scent (170,104)
2026-09-25T21:44:30.120+01:00 AUTO SWEET SCENT TOUCH: GREEN_POKEBALL_PARTY xy=(60,230) touch_state=0x01F542FF completed=True
2026-09-25T21:44:32.148+01:00 AUTO SWEET SCENT TOUCH: SLOT3_SILVER_FIELD_ACTION xy=(119,119) touch_state=0x017EE5F2 completed=True
2026-09-25T21:44:33.182+01:00 AUTO SWEET SCENT TOUCH: SWEET_SCENT xy=(170,104) touch_state=0x016EE87F completed=True
2026-09-25T21:44:40.248+01:00 AUTO SWEET SCENT: battle active — Horde boundary acquired
2026-09-25T21:44:43.181+01:00 HORDE LEAD RAM REFRESH: Staryu moves=[55, 145, 129, 61] PP=[16, 30, 20, 15] source=RUNTIME_POINTER_CHAIN
2026-09-25T21:44:43.183+01:00 PARTY LIVE ORDER: battle pointer table -> species [120, 252, 283, 261, 263, 265] order [0, 1, 2, 4, 5, 3]
2026-09-25T21:44:43.235+01:00 #35 HORDE x5 [AUTO SWEET SCENT]: Zigzagoon, Zigzagoon, Zigzagoon, Zigzagoon, Zigzagoon
2026-09-25T21:44:43.236+01:00   slot0 Zigzagoon PID 0x0266AD02 XOR 27837 shiny=False
2026-09-25T21:44:43.237+01:00   slot1 Zigzagoon PID 0xAB4FE2BB XOR 35373 shiny=False
2026-09-25T21:44:43.237+01:00   slot2 Zigzagoon PID 0x1320D23E XOR 711 shiny=False
2026-09-25T21:44:43.239+01:00   slot3 Zigzagoon PID 0x402F3DE2 XOR 48660 shiny=False
2026-09-25T21:44:43.240+01:00   slot4 Zigzagoon PID 0xCDB9FCD8 XOR 62136 shiny=False
2026-09-25T21:44:43.357+01:00 HORDE AUTHORITY COMMITTED: +5 Pokémon seen before escape
2026-09-25T21:44:56.151+01:00 RUN RECOVERY EXTENSION: battle still active after 24 causal Run taps; allowing up to 24 additional bounded Run taps (48 total)
2026-09-25T21:44:58.880+01:00 PARTY LIVE ORDER D25: source=RUNTIME_POINTER_CHAIN species=[120, 252, 283, 265, 261, 263]
2026-09-25T21:44:58.883+01:00 TIMING #35: field->encounter 11.584s • battle+return 18.634s • cycle 30.218s
2026-09-25T21:44:58.884+01:00 HF97 PHASE #35: boundary_wait 2.723s • pre_run_processing 0.378s • run_to_core_field 13.580s • postcore_field_authority 1.946s • accepted_run_attempt 26
2026-09-25T21:44:58.892+01:00 PASS #35: Horde x5 • Run tap 26 -> Route 102 grid [181, 130]
2026-09-25T21:44:58.981+01:00 AUTO SWEET SCENT RE-ARM: waiting 1.00 s after prior Horde field return before touchscreen route
2026-09-25T21:45:00.046+01:00 AUTO SWEET SCENT RE-ARM: PASS — battle inactive and anchor grid [181, 130] retained
2026-09-25T21:45:00.048+01:00 AUTO SWEET SCENT D25 TOUCH ROUTE: green Poké Ball (60,230) -> silver visible-slot-3 field icon (119, 119) -> Sweet Scent (170,104)
2026-09-25T21:45:00.341+01:00 AUTO SWEET SCENT TOUCH: GREEN_POKEBALL_PARTY xy=(60,230) touch_state=0x01F542FF completed=True
2026-09-25T21:45:02.392+01:00 AUTO SWEET SCENT TOUCH: SLOT3_SILVER_FIELD_ACTION xy=(119,119) touch_state=0x017EE5F2 completed=True
2026-09-25T21:45:03.413+01:00 AUTO SWEET SCENT TOUCH: SWEET_SCENT xy=(170,104) touch_state=0x016EE87F completed=True
2026-09-25T21:45:10.476+01:00 AUTO SWEET SCENT: battle active — Horde boundary acquired
2026-09-25T21:45:13.413+01:00 HORDE LEAD RAM REFRESH: Staryu moves=[55, 145, 129, 61] PP=[16, 30, 20, 15] source=RUNTIME_POINTER_CHAIN
2026-09-25T21:45:13.415+01:00 PARTY LIVE ORDER: battle pointer table -> species [120, 252, 283, 261, 263, 265] order [0, 1, 2, 4, 5, 3]
2026-09-25T21:45:13.479+01:00 #36 HORDE x5 [AUTO SWEET SCENT]: Zigzagoon, Zigzagoon, Zigzagoon, Zigzagoon, Zigzagoon
2026-09-25T21:45:13.480+01:00   slot0 Zigzagoon PID 0x616F8E18 XOR 11438 shiny=False
2026-09-25T21:45:13.480+01:00   slot1 Zigzagoon PID 0xB272A354 XOR 54015 shiny=False
2026-09-25T21:45:13.481+01:00   slot2 Zigzagoon PID 0xAAF1D713 XOR 48699 shiny=False
2026-09-25T21:45:13.482+01:00   slot3 Zigzagoon PID 0x33E63631 XOR 50702 shiny=False
2026-09-25T21:45:13.482+01:00   slot4 Zigzagoon PID 0x1002A8ED XOR 31542 shiny=False
2026-09-25T21:45:13.601+01:00 HORDE AUTHORITY COMMITTED: +5 Pokémon seen before escape
2026-09-25T21:45:26.331+01:00 RUN RECOVERY EXTENSION: battle still active after 24 causal Run taps; allowing up to 24 additional bounded Run taps (48 total)
2026-09-25T21:45:29.018+01:00 PARTY LIVE ORDER D25: source=RUNTIME_POINTER_CHAIN species=[120, 252, 283, 265, 261, 263]
2026-09-25T21:45:29.021+01:00 TIMING #36: field->encounter 11.581s • battle+return 18.544s • cycle 30.124s
2026-09-25T21:45:29.022+01:00 HF97 PHASE #36: boundary_wait 2.725s • pre_run_processing 0.393s • run_to_core_field 13.529s • postcore_field_authority 1.890s • accepted_run_attempt 26
2026-09-25T21:45:29.027+01:00 PASS #36: Horde x5 • Run tap 26 -> Route 102 grid [181, 130]
2026-09-25T21:45:29.108+01:00 AUTO SWEET SCENT RE-ARM: waiting 1.00 s after prior Horde field return before touchscreen route
2026-09-25T21:45:30.176+01:00 AUTO SWEET SCENT RE-ARM: PASS — battle inactive and anchor grid [181, 130] retained
2026-09-25T21:45:30.178+01:00 AUTO SWEET SCENT D25 TOUCH ROUTE: green Poké Ball (60,230) -> silver visible-slot-3 field icon (119, 119) -> Sweet Scent (170,104)
2026-09-25T21:45:30.472+01:00 AUTO SWEET SCENT TOUCH: GREEN_POKEBALL_PARTY xy=(60,230) touch_state=0x01F542FF completed=True
2026-09-25T21:45:32.499+01:00 AUTO SWEET SCENT TOUCH: SLOT3_SILVER_FIELD_ACTION xy=(119,119) touch_state=0x017EE5F2 completed=True
2026-09-25T21:45:33.527+01:00 AUTO SWEET SCENT TOUCH: SWEET_SCENT xy=(170,104) touch_state=0x016EE87F completed=True
2026-09-25T21:45:40.682+01:00 AUTO SWEET SCENT: battle active — Horde boundary acquired
2026-09-25T21:45:43.521+01:00 HORDE LEAD RAM REFRESH: Staryu moves=[55, 145, 129, 61] PP=[16, 30, 20, 15] source=RUNTIME_POINTER_CHAIN
2026-09-25T21:45:43.522+01:00 PARTY LIVE ORDER: battle pointer table -> species [120, 252, 283, 261, 263, 265] order [0, 1, 2, 4, 5, 3]
2026-09-25T21:45:43.587+01:00 #37 HORDE x5 [AUTO SWEET SCENT]: Zigzagoon, Zigzagoon, Zigzagoon, Zigzagoon, Zigzagoon
2026-09-25T21:45:43.588+01:00   slot0 Zigzagoon PID 0xC343AD16 XOR 44428 shiny=False
2026-09-25T21:45:43.588+01:00   slot1 Zigzagoon PID 0x369CD923 XOR 11366 shiny=False
2026-09-25T21:45:43.589+01:00   slot2 Zigzagoon PID 0x7E6BA603 XOR 7089 shiny=False
2026-09-25T21:45:43.590+01:00   slot3 Zigzagoon PID 0x3ADBE384 XOR 6790 shiny=False
2026-09-25T21:45:43.590+01:00   slot4 Zigzagoon PID 0xAD1A6AFA XOR 1081 shiny=False
2026-09-25T21:45:43.715+01:00 HORDE AUTHORITY COMMITTED: +5 Pokémon seen before escape
2026-09-25T21:45:56.451+01:00 RUN RECOVERY EXTENSION: battle still active after 24 causal Run taps; allowing up to 24 additional bounded Run taps (48 total)
2026-09-25T21:45:59.135+01:00 PARTY LIVE ORDER D25: source=RUNTIME_POINTER_CHAIN species=[120, 252, 283, 265, 261, 263]
2026-09-25T21:45:59.136+01:00 TIMING #37: field->encounter 11.655s • battle+return 18.452s • cycle 30.108s
2026-09-25T21:45:59.138+01:00 HF97 PHASE #37: boundary_wait 2.609s • pre_run_processing 0.418s • run_to_core_field 13.522s • postcore_field_authority 1.896s • accepted_run_attempt 26
2026-09-25T21:45:59.146+01:00 PASS #37: Horde x5 • Run tap 26 -> Route 102 grid [181, 130]
2026-09-25T21:45:59.233+01:00 AUTO SWEET SCENT RE-ARM: waiting 1.00 s after prior Horde field return before touchscreen route
2026-09-25T21:46:00.296+01:00 AUTO SWEET SCENT RE-ARM: PASS — battle inactive and anchor grid [181, 130] retained
2026-09-25T21:46:00.300+01:00 AUTO SWEET SCENT D25 TOUCH ROUTE: green Poké Ball (60,230) -> silver visible-slot-3 field icon (119, 119) -> Sweet Scent (170,104)
2026-09-25T21:46:00.594+01:00 AUTO SWEET SCENT TOUCH: GREEN_POKEBALL_PARTY xy=(60,230) touch_state=0x01F542FF completed=True
2026-09-25T21:46:02.621+01:00 AUTO SWEET SCENT TOUCH: SLOT3_SILVER_FIELD_ACTION xy=(119,119) touch_state=0x017EE5F2 completed=True
2026-09-25T21:46:03.652+01:00 AUTO SWEET SCENT TOUCH: SWEET_SCENT xy=(170,104) touch_state=0x016EE87F completed=True
2026-09-25T21:46:10.697+01:00 AUTO SWEET SCENT: battle active — Horde boundary acquired
2026-09-25T21:46:13.721+01:00 HORDE LEAD RAM REFRESH: Staryu moves=[55, 145, 129, 61] PP=[16, 30, 20, 15] source=RUNTIME_POINTER_CHAIN
2026-09-25T21:46:13.724+01:00 PARTY LIVE ORDER: battle pointer table -> species [120, 252, 283, 261, 263, 265] order [0, 1, 2, 4, 5, 3]
2026-09-25T21:46:13.781+01:00 #38 HORDE x5 [AUTO SWEET SCENT]: Seedot, Seedot, Seedot, Seedot, Seedot
2026-09-25T21:46:13.782+01:00   slot0 Seedot PID 0xE41C44EA XOR 25391 shiny=False
2026-09-25T21:46:13.782+01:00   slot1 Seedot PID 0x090A4A88 XOR 32859 shiny=False
2026-09-25T21:46:13.783+01:00   slot2 Seedot PID 0x151069C1 XOR 48904 shiny=False
2026-09-25T21:46:13.784+01:00   slot3 Seedot PID 0xBD37EC73 XOR 37533 shiny=False
2026-09-25T21:46:13.784+01:00   slot4 Seedot PID 0x8B0AE134 XOR 43495 shiny=False
2026-09-25T21:46:13.901+01:00 HORDE AUTHORITY COMMITTED: +5 Pokémon seen before escape
2026-09-25T21:46:27.693+01:00 PARTY LIVE ORDER D25: source=RUNTIME_POINTER_CHAIN species=[120, 252, 283, 265, 261, 263]
2026-09-25T21:46:27.695+01:00 TIMING #38: field->encounter 11.551s • battle+return 16.996s • cycle 28.547s
2026-09-25T21:46:27.695+01:00 HF97 PHASE #38: boundary_wait 2.765s • pre_run_processing 0.430s • run_to_core_field 11.874s • postcore_field_authority 1.919s • accepted_run_attempt 24
2026-09-25T21:46:27.703+01:00 PASS #38: Horde x5 • Run tap 24 -> Route 102 grid [181, 130]
2026-09-25T21:46:27.781+01:00 AUTO SWEET SCENT RE-ARM: waiting 1.00 s after prior Horde field return before touchscreen route
2026-09-25T21:46:28.853+01:00 AUTO SWEET SCENT RE-ARM: PASS — battle inactive and anchor grid [181, 130] retained
2026-09-25T21:46:28.855+01:00 AUTO SWEET SCENT D25 TOUCH ROUTE: green Poké Ball (60,230) -> silver visible-slot-3 field icon (119, 119) -> Sweet Scent (170,104)
2026-09-25T21:46:29.132+01:00 AUTO SWEET SCENT TOUCH: GREEN_POKEBALL_PARTY xy=(60,230) touch_state=0x01F542FF completed=True
2026-09-25T21:46:31.160+01:00 AUTO SWEET SCENT TOUCH: SLOT3_SILVER_FIELD_ACTION xy=(119,119) touch_state=0x017EE5F2 completed=True
2026-09-25T21:46:32.194+01:00 AUTO SWEET SCENT TOUCH: SWEET_SCENT xy=(170,104) touch_state=0x016EE87F completed=True
2026-09-25T21:46:39.287+01:00 AUTO SWEET SCENT: battle active — Horde boundary acquired
2026-09-25T21:46:42.150+01:00 HORDE LEAD RAM REFRESH: Staryu moves=[55, 145, 129, 61] PP=[16, 30, 20, 15] source=RUNTIME_POINTER_CHAIN
2026-09-25T21:46:42.153+01:00 PARTY LIVE ORDER: battle pointer table -> species [120, 252, 283, 261, 263, 265] order [0, 1, 2, 4, 5, 3]
2026-09-25T21:46:42.224+01:00 #39 HORDE x5 [AUTO SWEET SCENT]: Zigzagoon, Zigzagoon, Zigzagoon, Zigzagoon, Zigzagoon
2026-09-25T21:46:42.225+01:00   slot0 Zigzagoon PID 0x5FBFA2AF XOR 16073 shiny=False
2026-09-25T21:46:42.225+01:00   slot1 Zigzagoon PID 0xE2B6DEE2 XOR 65421 shiny=False
2026-09-25T21:46:42.226+01:00   slot2 Zigzagoon PID 0xD124AB0E XOR 47603 shiny=False
2026-09-25T21:46:42.227+01:00   slot3 Zigzagoon PID 0xAF98E123 XOR 36194 shiny=False
2026-09-25T21:46:42.230+01:00   slot4 Zigzagoon PID 0xFFC93E1D XOR 525 shiny=False
2026-09-25T21:46:42.347+01:00 HORDE AUTHORITY COMMITTED: +5 Pokémon seen before escape
2026-09-25T21:46:55.148+01:00 RUN RECOVERY EXTENSION: battle still active after 24 causal Run taps; allowing up to 24 additional bounded Run taps (48 total)
2026-09-25T21:46:57.296+01:00 PARTY LIVE ORDER D25: source=RUNTIME_POINTER_CHAIN species=[120, 252, 283, 265, 261, 263]
2026-09-25T21:46:57.299+01:00 TIMING #39: field->encounter 11.584s • battle+return 18.011s • cycle 29.595s
2026-09-25T21:46:57.300+01:00 HF97 PHASE #39: boundary_wait 2.642s • pre_run_processing 0.411s • run_to_core_field 13.086s • postcore_field_authority 1.864s • accepted_run_attempt 25
2026-09-25T21:46:57.310+01:00 PASS #39: Horde x5 • Run tap 25 -> Route 102 grid [181, 130]
2026-09-25T21:46:57.393+01:00 AUTO SWEET SCENT RE-ARM: waiting 1.00 s after prior Horde field return before touchscreen route
2026-09-25T21:46:58.454+01:00 AUTO SWEET SCENT RE-ARM: PASS — battle inactive and anchor grid [181, 130] retained
2026-09-25T21:46:58.456+01:00 AUTO SWEET SCENT D25 TOUCH ROUTE: green Poké Ball (60,230) -> silver visible-slot-3 field icon (119, 119) -> Sweet Scent (170,104)
2026-09-25T21:46:58.744+01:00 AUTO SWEET SCENT TOUCH: GREEN_POKEBALL_PARTY xy=(60,230) touch_state=0x01F542FF completed=True
2026-09-25T21:47:00.771+01:00 AUTO SWEET SCENT TOUCH: SLOT3_SILVER_FIELD_ACTION xy=(119,119) touch_state=0x017EE5F2 completed=True
2026-09-25T21:47:01.809+01:00 AUTO SWEET SCENT TOUCH: SWEET_SCENT xy=(170,104) touch_state=0x016EE87F completed=True
2026-09-25T21:47:08.902+01:00 AUTO SWEET SCENT: battle active — Horde boundary acquired
2026-09-25T21:47:11.799+01:00 HORDE LEAD RAM REFRESH: Staryu moves=[55, 145, 129, 61] PP=[16, 30, 20, 15] source=RUNTIME_POINTER_CHAIN
2026-09-25T21:47:11.801+01:00 PARTY LIVE ORDER: battle pointer table -> species [120, 252, 283, 261, 263, 265] order [0, 1, 2, 4, 5, 3]
2026-09-25T21:47:11.858+01:00 #40 HORDE x5 [AUTO SWEET SCENT]: Seedot, Seedot, Seedot, Seedot, Seedot
2026-09-25T21:47:11.859+01:00   slot0 Seedot PID 0x08D8A10D XOR 27148 shiny=False
2026-09-25T21:47:11.859+01:00   slot1 Seedot PID 0x3CBF049B XOR 64509 shiny=False
2026-09-25T21:47:11.860+01:00   slot2 Seedot PID 0x1B0F6C7B XOR 46253 shiny=False
2026-09-25T21:47:11.861+01:00   slot3 Seedot PID 0xBDE7E1DA XOR 40932 shiny=False
2026-09-25T21:47:11.862+01:00   slot4 Seedot PID 0x4AD1AE99 XOR 10129 shiny=False
2026-09-25T21:47:11.981+01:00 HORDE AUTHORITY COMMITTED: +5 Pokémon seen before escape
2026-09-25T21:47:25.840+01:00 PARTY LIVE ORDER D25: source=RUNTIME_POINTER_CHAIN species=[120, 252, 283, 265, 261, 263]
2026-09-25T21:47:25.842+01:00 TIMING #40: field->encounter 11.592s • battle+return 16.938s • cycle 28.530s
2026-09-25T21:47:25.844+01:00 HF97 PHASE #40: boundary_wait 2.648s • pre_run_processing 0.416s • run_to_core_field 11.950s • postcore_field_authority 1.910s • accepted_run_attempt 24
2026-09-25T21:47:25.852+01:00 PASS #40: Horde x5 • Run tap 24 -> Route 102 grid [181, 130]
2026-09-25T21:47:25.933+01:00 AUTO SWEET SCENT RE-ARM: waiting 1.00 s after prior Horde field return before touchscreen route
2026-09-25T21:47:26.992+01:00 AUTO SWEET SCENT RE-ARM: PASS — battle inactive and anchor grid [181, 130] retained
2026-09-25T21:47:26.994+01:00 AUTO SWEET SCENT D25 TOUCH ROUTE: green Poké Ball (60,230) -> silver visible-slot-3 field icon (119, 119) -> Sweet Scent (170,104)
2026-09-25T21:47:27.269+01:00 AUTO SWEET SCENT TOUCH: GREEN_POKEBALL_PARTY xy=(60,230) touch_state=0x01F542FF completed=True
2026-09-25T21:47:29.298+01:00 AUTO SWEET SCENT TOUCH: SLOT3_SILVER_FIELD_ACTION xy=(119,119) touch_state=0x017EE5F2 completed=True
2026-09-25T21:47:30.325+01:00 AUTO SWEET SCENT TOUCH: SWEET_SCENT xy=(170,104) touch_state=0x016EE87F completed=True
2026-09-25T21:47:37.390+01:00 AUTO SWEET SCENT: battle active — Horde boundary acquired
2026-09-25T21:47:40.272+01:00 HORDE LEAD RAM REFRESH: Staryu moves=[55, 145, 129, 61] PP=[16, 30, 20, 15] source=RUNTIME_POINTER_CHAIN
2026-09-25T21:47:40.274+01:00 PARTY LIVE ORDER: battle pointer table -> species [120, 252, 283, 261, 263, 265] order [0, 1, 2, 4, 5, 3]
2026-09-25T21:47:40.332+01:00 #41 HORDE x5 [AUTO SWEET SCENT]: Seedot, Seedot, Seedot, Seedot, Seedot
2026-09-25T21:47:40.333+01:00   slot0 Seedot PID 0x45DA6548 XOR 58187 shiny=False
2026-09-25T21:47:40.335+01:00   slot1 Seedot PID 0x28FFBFC8 XOR 21742 shiny=False
2026-09-25T21:47:40.336+01:00   slot2 Seedot PID 0x203705A2 XOR 58956 shiny=False
2026-09-25T21:47:40.337+01:00   slot3 Seedot PID 0x76B23A89 XOR 36834 shiny=False
2026-09-25T21:47:40.337+01:00   slot4 Seedot PID 0x6BDCB9E6 XOR 4579 shiny=False
2026-09-25T21:47:40.454+01:00 HORDE AUTHORITY COMMITTED: +5 Pokémon seen before escape
2026-09-25T21:47:54.476+01:00 PARTY LIVE ORDER D25: source=RUNTIME_POINTER_CHAIN species=[120, 252, 283, 265, 261, 263]
2026-09-25T21:47:54.479+01:00 TIMING #41: field->encounter 11.536s • battle+return 17.088s • cycle 28.624s
2026-09-25T21:47:54.482+01:00 HF97 PHASE #41: boundary_wait 2.648s • pre_run_processing 0.405s • run_to_core_field 12.156s • postcore_field_authority 1.868s • accepted_run_attempt 24
2026-09-25T21:47:54.490+01:00 PASS #41: Horde x5 • Run tap 24 -> Route 102 grid [181, 130]
2026-09-25T21:47:54.569+01:00 AUTO SWEET SCENT RE-ARM: waiting 1.00 s after prior Horde field return before touchscreen route
2026-09-25T21:47:55.643+01:00 AUTO SWEET SCENT RE-ARM: PASS — battle inactive and anchor grid [181, 130] retained
2026-09-25T21:47:55.645+01:00 AUTO SWEET SCENT D25 TOUCH ROUTE: green Poké Ball (60,230) -> silver visible-slot-3 field icon (119, 119) -> Sweet Scent (170,104)
2026-09-25T21:47:55.924+01:00 AUTO SWEET SCENT TOUCH: GREEN_POKEBALL_PARTY xy=(60,230) touch_state=0x01F542FF completed=True
2026-09-25T21:47:57.957+01:00 AUTO SWEET SCENT TOUCH: SLOT3_SILVER_FIELD_ACTION xy=(119,119) touch_state=0x017EE5F2 completed=True
2026-09-25T21:47:59.009+01:00 AUTO SWEET SCENT TOUCH: SWEET_SCENT xy=(170,104) touch_state=0x016EE87F completed=True
2026-09-25T21:48:06.073+01:00 AUTO SWEET SCENT: battle active — Horde boundary acquired
2026-09-25T21:48:09.011+01:00 HORDE LEAD RAM REFRESH: Staryu moves=[55, 145, 129, 61] PP=[16, 30, 20, 15] source=RUNTIME_POINTER_CHAIN
2026-09-25T21:48:09.013+01:00 PARTY LIVE ORDER: battle pointer table -> species [120, 252, 283, 261, 263, 265] order [0, 1, 2, 4, 5, 3]
2026-09-25T21:48:09.064+01:00 #42 HORDE x5 [AUTO SWEET SCENT]: Zigzagoon, Zigzagoon, Zigzagoon, Zigzagoon, Zigzagoon
2026-09-25T21:48:09.065+01:00   slot0 Zigzagoon PID 0x81DE1AF4 XOR 22771 shiny=False
2026-09-25T21:48:09.067+01:00   slot1 Zigzagoon PID 0xEE112DC3 XOR 11 shiny=True
2026-09-25T21:48:09.069+01:00   slot2 Zigzagoon PID 0x2854A5AD XOR 20000 shiny=False
2026-09-25T21:48:09.070+01:00   slot3 Zigzagoon PID 0xBEAE8053 XOR 64804 shiny=False
2026-09-25T21:48:09.071+01:00   slot4 Zigzagoon PID 0xC3A2E056 XOR 57389 shiny=False
2026-09-25T21:48:12.337+01:00 FRAMEBUFFER SHINY CAPTURE unavailable: FramebufferBridgeError: framebuffer command 13 failed: INPUT_INVALID result=0x00000000 • shiny authority unchanged
2026-09-25T21:48:12.495+01:00 SHINY BLOCKLIST RUN: Zigzagoon • completed phase 185 • RAM shiny recorded; causal Run authorized
2026-09-25T21:48:25.973+01:00 PARTY LIVE ORDER D25: source=RUNTIME_POINTER_CHAIN species=[120, 252, 283, 265, 261, 263]
2026-09-25T21:48:25.976+01:00 TIMING #42: field->encounter 11.584s • battle+return 19.901s • cycle 31.485s
2026-09-25T21:48:25.977+01:00 HF97 PHASE #42: boundary_wait 2.699s • pre_run_processing 3.705s • run_to_core_field 11.597s • postcore_field_authority 1.882s • accepted_run_attempt 23
2026-09-25T21:48:25.984+01:00 PASS #42: Horde x5 • Run tap 23 -> Route 102 grid [181, 130]
2026-09-25T21:48:26.060+01:00 AUTO SWEET SCENT RE-ARM: waiting 1.00 s after prior Horde field return before touchscreen route
2026-09-25T21:48:27.131+01:00 AUTO SWEET SCENT RE-ARM: PASS — battle inactive and anchor grid [181, 130] retained
2026-09-25T21:48:27.133+01:00 AUTO SWEET SCENT D25 TOUCH ROUTE: green Poké Ball (60,230) -> silver visible-slot-3 field icon (119, 119) -> Sweet Scent (170,104)
2026-09-25T21:48:27.413+01:00 AUTO SWEET SCENT TOUCH: GREEN_POKEBALL_PARTY xy=(60,230) touch_state=0x01F542FF completed=True
2026-09-25T21:48:29.445+01:00 AUTO SWEET SCENT TOUCH: SLOT3_SILVER_FIELD_ACTION xy=(119,119) touch_state=0x017EE5F2 completed=True
2026-09-25T21:48:30.481+01:00 AUTO SWEET SCENT TOUCH: SWEET_SCENT xy=(170,104) touch_state=0x016EE87F completed=True
2026-09-25T21:48:37.557+01:00 AUTO SWEET SCENT: battle active — Horde boundary acquired
2026-09-25T21:48:40.467+01:00 HORDE LEAD RAM REFRESH: Staryu moves=[55, 145, 129, 61] PP=[16, 30, 20, 15] source=RUNTIME_POINTER_CHAIN
2026-09-25T21:48:40.469+01:00 PARTY LIVE ORDER: battle pointer table -> species [120, 252, 283, 261, 263, 265] order [0, 1, 2, 4, 5, 3]
2026-09-25T21:48:40.522+01:00 #43 HORDE x5 [AUTO SWEET SCENT]: Zigzagoon, Zigzagoon, Zigzagoon, Zigzagoon, Zigzagoon
2026-09-25T21:48:40.523+01:00   slot0 Zigzagoon PID 0xAAB349E9 XOR 8323 shiny=False
2026-09-25T21:48:40.524+01:00   slot1 Zigzagoon PID 0xC1DA3475 XOR 13942 shiny=False
2026-09-25T21:48:40.524+01:00   slot2 Zigzagoon PID 0xFE98F06A XOR 52523 shiny=False
2026-09-25T21:48:40.525+01:00   slot3 Zigzagoon PID 0xB02347C5 XOR 13375 shiny=False
2026-09-25T21:48:40.526+01:00   slot4 Zigzagoon PID 0xD5100F3E XOR 6647 shiny=False
2026-09-25T21:48:40.647+01:00 HORDE AUTHORITY COMMITTED: +5 Pokémon seen before escape
2026-09-25T21:48:53.505+01:00 RUN RECOVERY EXTENSION: battle still active after 24 causal Run taps; allowing up to 24 additional bounded Run taps (48 total)
2026-09-25T21:48:56.206+01:00 PARTY LIVE ORDER D25: source=RUNTIME_POINTER_CHAIN species=[120, 252, 283, 265, 261, 263]
2026-09-25T21:48:56.210+01:00 TIMING #43: field->encounter 11.573s • battle+return 18.652s • cycle 30.224s
2026-09-25T21:48:56.211+01:00 HF97 PHASE #43: boundary_wait 2.705s • pre_run_processing 0.377s • run_to_core_field 13.638s • postcore_field_authority 1.924s • accepted_run_attempt 26
2026-09-25T21:48:56.221+01:00 PASS #43: Horde x5 • Run tap 26 -> Route 102 grid [181, 130]
2026-09-25T21:48:56.320+01:00 AUTO SWEET SCENT RE-ARM: waiting 1.00 s after prior Horde field return before touchscreen route
2026-09-25T21:48:57.379+01:00 AUTO SWEET SCENT RE-ARM: PASS — battle inactive and anchor grid [181, 130] retained
2026-09-25T21:48:57.381+01:00 AUTO SWEET SCENT D25 TOUCH ROUTE: green Poké Ball (60,230) -> silver visible-slot-3 field icon (119, 119) -> Sweet Scent (170,104)
2026-09-25T21:48:57.656+01:00 AUTO SWEET SCENT TOUCH: GREEN_POKEBALL_PARTY xy=(60,230) touch_state=0x01F542FF completed=True
2026-09-25T21:48:59.698+01:00 AUTO SWEET SCENT TOUCH: SLOT3_SILVER_FIELD_ACTION xy=(119,119) touch_state=0x017EE5F2 completed=True
2026-09-25T21:49:00.722+01:00 AUTO SWEET SCENT TOUCH: SWEET_SCENT xy=(170,104) touch_state=0x016EE87F completed=True
2026-09-25T21:49:07.787+01:00 AUTO SWEET SCENT: battle active — Horde boundary acquired
2026-09-25T21:49:10.763+01:00 HORDE LEAD RAM REFRESH: Staryu moves=[55, 145, 129, 61] PP=[16, 30, 20, 15] source=RUNTIME_POINTER_CHAIN
2026-09-25T21:49:10.765+01:00 PARTY LIVE ORDER: battle pointer table -> species [120, 252, 283, 261, 263, 265] order [0, 1, 2, 4, 5, 3]
2026-09-25T21:49:10.826+01:00 #44 HORDE x5 [AUTO SWEET SCENT]: Ralts, Ralts, Ralts, Ralts, Ralts
2026-09-25T21:49:10.827+01:00   slot0 Ralts PID 0xB4E2DF7C XOR 43079 shiny=False
2026-09-25T21:49:10.828+01:00   slot1 Ralts PID 0x756A7D87 XOR 52020 shiny=False
2026-09-25T21:49:10.829+01:00   slot2 Ralts PID 0x50C850AE XOR 50111 shiny=False
2026-09-25T21:49:10.829+01:00   slot3 Ralts PID 0xBA212FE7 XOR 22047 shiny=False
2026-09-25T21:49:10.830+01:00   slot4 Ralts PID 0x684D4F04 XOR 58512 shiny=False
2026-09-25T21:49:10.950+01:00 HORDE AUTHORITY COMMITTED: +5 Pokémon seen before escape
2026-09-25T21:49:23.801+01:00 RUN RECOVERY EXTENSION: battle still active after 24 causal Run taps; allowing up to 24 additional bounded Run taps (48 total)
2026-09-25T21:49:36.140+01:00 PARTY LIVE ORDER D25: source=RUNTIME_POINTER_CHAIN species=[120, 252, 283, 265, 261, 263]
2026-09-25T21:49:36.143+01:00 TIMING #44: field->encounter 11.566s • battle+return 28.355s • cycle 39.922s
2026-09-25T21:49:36.144+01:00 HF97 PHASE #44: boundary_wait 2.750s • pre_run_processing 0.406s • run_to_core_field 23.320s • postcore_field_authority 1.872s • accepted_run_attempt 45
2026-09-25T21:49:36.151+01:00 PASS #44: Horde x5 • Run tap 45 -> Route 102 grid [181, 130]
2026-09-25T21:49:36.223+01:00 AUTO SWEET SCENT RE-ARM: waiting 1.00 s after prior Horde field return before touchscreen route
2026-09-25T21:49:37.284+01:00 AUTO SWEET SCENT RE-ARM: PASS — battle inactive and anchor grid [181, 130] retained
2026-09-25T21:49:37.286+01:00 AUTO SWEET SCENT D25 TOUCH ROUTE: green Poké Ball (60,230) -> silver visible-slot-3 field icon (119, 119) -> Sweet Scent (170,104)
2026-09-25T21:49:37.558+01:00 AUTO SWEET SCENT TOUCH: GREEN_POKEBALL_PARTY xy=(60,230) touch_state=0x01F542FF completed=True
2026-09-25T21:49:39.583+01:00 AUTO SWEET SCENT TOUCH: SLOT3_SILVER_FIELD_ACTION xy=(119,119) touch_state=0x017EE5F2 completed=True
2026-09-25T21:49:40.629+01:00 AUTO SWEET SCENT TOUCH: SWEET_SCENT xy=(170,104) touch_state=0x016EE87F completed=True
2026-09-25T21:49:47.693+01:00 AUTO SWEET SCENT: battle active — Horde boundary acquired
2026-09-25T21:49:50.580+01:00 HORDE LEAD RAM REFRESH: Staryu moves=[55, 145, 129, 61] PP=[16, 30, 20, 15] source=RUNTIME_POINTER_CHAIN
2026-09-25T21:49:50.581+01:00 PARTY LIVE ORDER: battle pointer table -> species [120, 252, 283, 261, 263, 265] order [0, 1, 2, 4, 5, 3]
2026-09-25T21:49:50.631+01:00 #45 HORDE x5 [AUTO SWEET SCENT]: Seedot, Seedot, Seedot, Seedot, Seedot
2026-09-25T21:49:50.632+01:00   slot0 Seedot PID 0xE2C6C6A1 XOR 59326 shiny=False
2026-09-25T21:49:50.633+01:00   slot1 Seedot PID 0x99A22185 XOR 31742 shiny=False
2026-09-25T21:49:50.634+01:00   slot2 Seedot PID 0xEBFB027A XOR 10840 shiny=False
2026-09-25T21:49:50.634+01:00   slot3 Seedot PID 0xADC0CFB9 XOR 41376 shiny=False
2026-09-25T21:49:50.635+01:00   slot4 Seedot PID 0x24F6345F XOR 54128 shiny=False
2026-09-25T21:49:50.757+01:00 HORDE AUTHORITY COMMITTED: +5 Pokémon seen before escape
2026-09-25T21:50:04.731+01:00 PARTY LIVE ORDER D25: source=RUNTIME_POINTER_CHAIN species=[120, 252, 283, 265, 261, 263]
2026-09-25T21:50:04.734+01:00 TIMING #45: field->encounter 11.543s • battle+return 17.040s • cycle 28.583s
2026-09-25T21:50:04.735+01:00 HF97 PHASE #45: boundary_wait 2.654s • pre_run_processing 0.402s • run_to_core_field 12.039s • postcore_field_authority 1.937s • accepted_run_attempt 24
2026-09-25T21:50:04.742+01:00 PASS #45: Horde x5 • Run tap 24 -> Route 102 grid [181, 130]
2026-09-25T21:50:04.831+01:00 AUTO SWEET SCENT RE-ARM: waiting 1.00 s after prior Horde field return before touchscreen route
2026-09-25T21:50:05.893+01:00 AUTO SWEET SCENT RE-ARM: PASS — battle inactive and anchor grid [181, 130] retained
2026-09-25T21:50:05.895+01:00 AUTO SWEET SCENT D25 TOUCH ROUTE: green Poké Ball (60,230) -> silver visible-slot-3 field icon (119, 119) -> Sweet Scent (170,104)
2026-09-25T21:50:06.177+01:00 AUTO SWEET SCENT TOUCH: GREEN_POKEBALL_PARTY xy=(60,230) touch_state=0x01F542FF completed=True
2026-09-25T21:50:08.226+01:00 AUTO SWEET SCENT TOUCH: SLOT3_SILVER_FIELD_ACTION xy=(119,119) touch_state=0x017EE5F2 completed=True
2026-09-25T21:50:09.253+01:00 AUTO SWEET SCENT TOUCH: SWEET_SCENT xy=(170,104) touch_state=0x016EE87F completed=True
2026-09-25T21:50:16.331+01:00 AUTO SWEET SCENT: battle active — Horde boundary acquired
2026-09-25T21:50:19.320+01:00 HORDE LEAD RAM REFRESH: Staryu moves=[55, 145, 129, 61] PP=[16, 30, 20, 15] source=RUNTIME_POINTER_CHAIN
2026-09-25T21:50:19.321+01:00 PARTY LIVE ORDER: battle pointer table -> species [120, 252, 283, 261, 263, 265] order [0, 1, 2, 4, 5, 3]
2026-09-25T21:50:19.381+01:00 #46 HORDE x5 [AUTO SWEET SCENT]: Zigzagoon, Zigzagoon, Zigzagoon, Zigzagoon, Zigzagoon
2026-09-25T21:50:19.382+01:00   slot0 Zigzagoon PID 0x3157A3AD XOR 20771 shiny=False
2026-09-25T21:50:19.384+01:00   slot1 Zigzagoon PID 0x80E9BB95 XOR 63653 shiny=False
2026-09-25T21:50:19.385+01:00   slot2 Zigzagoon PID 0x60EE792C XOR 55835 shiny=False
2026-09-25T21:50:19.386+01:00   slot3 Zigzagoon PID 0xAA979E38 XOR 63350 shiny=False
2026-09-25T21:50:19.387+01:00   slot4 Zigzagoon PID 0x06A8A5CC XOR 24765 shiny=False
2026-09-25T21:50:19.505+01:00 HORDE AUTHORITY COMMITTED: +5 Pokémon seen before escape
2026-09-25T21:50:32.412+01:00 RUN RECOVERY EXTENSION: battle still active after 24 causal Run taps; allowing up to 24 additional bounded Run taps (48 total)
2026-09-25T21:50:34.572+01:00 PARTY LIVE ORDER D25: source=RUNTIME_POINTER_CHAIN species=[120, 252, 283, 265, 261, 263]
2026-09-25T21:50:34.575+01:00 TIMING #46: field->encounter 11.589s • battle+return 18.243s • cycle 29.832s
2026-09-25T21:50:34.576+01:00 HF97 PHASE #46: boundary_wait 2.751s • pre_run_processing 0.415s • run_to_core_field 13.186s • postcore_field_authority 1.883s • accepted_run_attempt 25
2026-09-25T21:50:34.586+01:00 PASS #46: Horde x5 • Run tap 25 -> Route 102 grid [181, 130]
2026-09-25T21:50:34.669+01:00 AUTO SWEET SCENT RE-ARM: waiting 1.00 s after prior Horde field return before touchscreen route
2026-09-25T21:50:35.733+01:00 AUTO SWEET SCENT RE-ARM: PASS — battle inactive and anchor grid [181, 130] retained
2026-09-25T21:50:35.735+01:00 AUTO SWEET SCENT D25 TOUCH ROUTE: green Poké Ball (60,230) -> silver visible-slot-3 field icon (119, 119) -> Sweet Scent (170,104)
2026-09-25T21:50:36.017+01:00 AUTO SWEET SCENT TOUCH: GREEN_POKEBALL_PARTY xy=(60,230) touch_state=0x01F542FF completed=True
2026-09-25T21:50:38.056+01:00 AUTO SWEET SCENT TOUCH: SLOT3_SILVER_FIELD_ACTION xy=(119,119) touch_state=0x017EE5F2 completed=True
2026-09-25T21:50:39.089+01:00 AUTO SWEET SCENT TOUCH: SWEET_SCENT xy=(170,104) touch_state=0x016EE87F completed=True
2026-09-25T21:50:46.148+01:00 AUTO SWEET SCENT: battle active — Horde boundary acquired
2026-09-25T21:50:49.123+01:00 HORDE LEAD RAM REFRESH: Staryu moves=[55, 145, 129, 61] PP=[16, 30, 20, 15] source=RUNTIME_POINTER_CHAIN
2026-09-25T21:50:49.125+01:00 PARTY LIVE ORDER: battle pointer table -> species [120, 252, 283, 261, 263, 265] order [0, 1, 2, 4, 5, 3]
2026-09-25T21:50:49.190+01:00 #47 HORDE x5 [AUTO SWEET SCENT]: Ralts, Ralts, Ralts, Ralts, Ralts
2026-09-25T21:50:49.192+01:00   slot0 Ralts PID 0xF1141684 XOR 9289 shiny=False
2026-09-25T21:50:49.192+01:00   slot1 Ralts PID 0xE2999C9A XOR 48602 shiny=False
2026-09-25T21:50:49.193+01:00   slot2 Ralts PID 0x07517FCA XOR 47938 shiny=False
2026-09-25T21:50:49.194+01:00   slot3 Ralts PID 0x66CB6CB8 XOR 51626 shiny=False
2026-09-25T21:50:49.194+01:00   slot4 Ralts PID 0x50E40F16 XOR 39979 shiny=False
2026-09-25T21:50:49.313+01:00 HORDE AUTHORITY COMMITTED: +5 Pokémon seen before escape
2026-09-25T21:51:02.161+01:00 RUN RECOVERY EXTENSION: battle still active after 24 causal Run taps; allowing up to 24 additional bounded Run taps (48 total)
2026-09-25T21:51:10.534+01:00 PARTY LIVE ORDER D25: source=RUNTIME_POINTER_CHAIN species=[120, 252, 283, 265, 261, 263]
2026-09-25T21:51:10.537+01:00 TIMING #47: field->encounter 11.561s • battle+return 24.388s • cycle 35.949s
2026-09-25T21:51:10.538+01:00 HF97 PHASE #47: boundary_wait 2.751s • pre_run_processing 0.404s • run_to_core_field 19.303s • postcore_field_authority 1.920s • accepted_run_attempt 37
2026-09-25T21:51:10.544+01:00 PASS #47: Horde x5 • Run tap 37 -> Route 102 grid [181, 130]
2026-09-25T21:51:10.634+01:00 AUTO SWEET SCENT RE-ARM: waiting 1.00 s after prior Horde field return before touchscreen route
2026-09-25T21:51:11.694+01:00 AUTO SWEET SCENT RE-ARM: PASS — battle inactive and anchor grid [181, 130] retained
2026-09-25T21:51:11.696+01:00 AUTO SWEET SCENT D25 TOUCH ROUTE: green Poké Ball (60,230) -> silver visible-slot-3 field icon (119, 119) -> Sweet Scent (170,104)
2026-09-25T21:51:11.970+01:00 AUTO SWEET SCENT TOUCH: GREEN_POKEBALL_PARTY xy=(60,230) touch_state=0x01F542FF completed=True
2026-09-25T21:51:13.996+01:00 AUTO SWEET SCENT TOUCH: SLOT3_SILVER_FIELD_ACTION xy=(119,119) touch_state=0x017EE5F2 completed=True
2026-09-25T21:51:15.018+01:00 AUTO SWEET SCENT TOUCH: SWEET_SCENT xy=(170,104) touch_state=0x016EE87F completed=True
2026-09-25T21:51:22.107+01:00 AUTO SWEET SCENT: battle active — Horde boundary acquired
2026-09-25T21:51:25.047+01:00 HORDE LEAD RAM REFRESH: Staryu moves=[55, 145, 129, 61] PP=[16, 30, 20, 15] source=RUNTIME_POINTER_CHAIN
2026-09-25T21:51:25.049+01:00 PARTY LIVE ORDER: battle pointer table -> species [120, 252, 283, 261, 263, 265] order [0, 1, 2, 4, 5, 3]
2026-09-25T21:51:25.098+01:00 #48 HORDE x5 [AUTO SWEET SCENT]: Seedot, Seedot, Seedot, Seedot, Seedot
2026-09-25T21:51:25.100+01:00   slot0 Seedot PID 0x8F0B30A0 XOR 31858 shiny=False
2026-09-25T21:51:25.101+01:00   slot1 Seedot PID 0x1CE366CB XOR 47601 shiny=False
2026-09-25T21:51:25.102+01:00   slot2 Seedot PID 0xD63C6856 XOR 32179 shiny=False
2026-09-25T21:51:25.103+01:00   slot3 Seedot PID 0x9EE476F5 XOR 11208 shiny=False
2026-09-25T21:51:25.104+01:00   slot4 Seedot PID 0x5C257FDA XOR 57382 shiny=False
2026-09-25T21:51:25.236+01:00 HORDE AUTHORITY COMMITTED: +5 Pokémon seen before escape
2026-09-25T21:51:39.145+01:00 PARTY LIVE ORDER D25: source=RUNTIME_POINTER_CHAIN species=[120, 252, 283, 265, 261, 263]
2026-09-25T21:51:39.149+01:00 TIMING #48: field->encounter 11.563s • battle+return 17.040s • cycle 28.603s
2026-09-25T21:51:39.151+01:00 HF97 PHASE #48: boundary_wait 2.711s • pre_run_processing 0.410s • run_to_core_field 12.055s • postcore_field_authority 1.855s • accepted_run_attempt 24
2026-09-25T21:51:39.156+01:00 PASS #48: Horde x5 • Run tap 24 -> Route 102 grid [181, 130]
2026-09-25T21:51:39.239+01:00 AUTO SWEET SCENT RE-ARM: waiting 1.00 s after prior Horde field return before touchscreen route
2026-09-25T21:51:40.307+01:00 AUTO SWEET SCENT RE-ARM: PASS — battle inactive and anchor grid [181, 130] retained
2026-09-25T21:51:40.310+01:00 AUTO SWEET SCENT D25 TOUCH ROUTE: green Poké Ball (60,230) -> silver visible-slot-3 field icon (119, 119) -> Sweet Scent (170,104)
2026-09-25T21:51:40.591+01:00 AUTO SWEET SCENT TOUCH: GREEN_POKEBALL_PARTY xy=(60,230) touch_state=0x01F542FF completed=True
2026-09-25T21:51:42.615+01:00 AUTO SWEET SCENT TOUCH: SLOT3_SILVER_FIELD_ACTION xy=(119,119) touch_state=0x017EE5F2 completed=True
2026-09-25T21:51:43.644+01:00 AUTO SWEET SCENT TOUCH: SWEET_SCENT xy=(170,104) touch_state=0x016EE87F completed=True
2026-09-25T21:51:50.700+01:00 AUTO SWEET SCENT: battle active — Horde boundary acquired
2026-09-25T21:51:53.621+01:00 HORDE LEAD RAM REFRESH: Staryu moves=[55, 145, 129, 61] PP=[16, 30, 20, 15] source=RUNTIME_POINTER_CHAIN
2026-09-25T21:51:53.625+01:00 PARTY LIVE ORDER: battle pointer table -> species [120, 252, 283, 261, 263, 265] order [0, 1, 2, 4, 5, 3]
2026-09-25T21:51:53.682+01:00 #49 HORDE x5 [AUTO SWEET SCENT]: Zigzagoon, Zigzagoon, Zigzagoon, Zigzagoon, Zigzagoon
2026-09-25T21:51:53.683+01:00   slot0 Zigzagoon PID 0x4236B5B8 XOR 13399 shiny=False
2026-09-25T21:51:53.684+01:00   slot1 Zigzagoon PID 0xB72CDC10 XOR 43237 shiny=False
2026-09-25T21:51:53.685+01:00   slot2 Zigzagoon PID 0xCAAE0908 XOR 127 shiny=False
2026-09-25T21:51:53.686+01:00   slot3 Zigzagoon PID 0x336C23F6 XOR 54083 shiny=False
2026-09-25T21:51:53.687+01:00   slot4 Zigzagoon PID 0xBC80A226 XOR 56703 shiny=False
2026-09-25T21:51:53.819+01:00 HORDE AUTHORITY COMMITTED: +5 Pokémon seen before escape
2026-09-25T21:52:06.607+01:00 RUN RECOVERY EXTENSION: battle still active after 24 causal Run taps; allowing up to 24 additional bounded Run taps (48 total)
2026-09-25T21:52:08.770+01:00 PARTY LIVE ORDER D25: source=RUNTIME_POINTER_CHAIN species=[120, 252, 283, 265, 261, 263]
2026-09-25T21:52:08.773+01:00 TIMING #49: field->encounter 11.542s • battle+return 18.072s • cycle 29.614s
2026-09-25T21:52:08.774+01:00 HF97 PHASE #49: boundary_wait 2.708s • pre_run_processing 0.404s • run_to_core_field 13.059s • postcore_field_authority 1.894s • accepted_run_attempt 25
2026-09-25T21:52:08.780+01:00 PASS #49: Horde x5 • Run tap 25 -> Route 102 grid [181, 130]
2026-09-25T21:52:08.864+01:00 AUTO SWEET SCENT RE-ARM: waiting 1.00 s after prior Horde field return before touchscreen route
2026-09-25T21:52:09.953+01:00 AUTO SWEET SCENT RE-ARM: PASS — battle inactive and anchor grid [181, 130] retained
2026-09-25T21:52:09.955+01:00 AUTO SWEET SCENT D25 TOUCH ROUTE: green Poké Ball (60,230) -> silver visible-slot-3 field icon (119, 119) -> Sweet Scent (170,104)
2026-09-25T21:52:10.228+01:00 AUTO SWEET SCENT TOUCH: GREEN_POKEBALL_PARTY xy=(60,230) touch_state=0x01F542FF completed=True
2026-09-25T21:52:12.259+01:00 AUTO SWEET SCENT TOUCH: SLOT3_SILVER_FIELD_ACTION xy=(119,119) touch_state=0x017EE5F2 completed=True
2026-09-25T21:52:13.295+01:00 AUTO SWEET SCENT TOUCH: SWEET_SCENT xy=(170,104) touch_state=0x016EE87F completed=True
2026-09-25T21:52:20.347+01:00 AUTO SWEET SCENT: battle active — Horde boundary acquired
2026-09-25T21:52:23.294+01:00 HORDE LEAD RAM REFRESH: Staryu moves=[55, 145, 129, 61] PP=[16, 30, 20, 15] source=RUNTIME_POINTER_CHAIN
2026-09-25T21:52:23.296+01:00 PARTY LIVE ORDER: battle pointer table -> species [120, 252, 283, 261, 263, 265] order [0, 1, 2, 4, 5, 3]
2026-09-25T21:52:23.350+01:00 #50 HORDE x5 [AUTO SWEET SCENT]: Seedot, Seedot, Seedot, Seedot, Seedot
2026-09-25T21:52:23.351+01:00   slot0 Seedot PID 0x87C1B393 XOR 63371 shiny=False
2026-09-25T21:52:23.354+01:00   slot1 Seedot PID 0x239B75C6 XOR 38276 shiny=False
2026-09-25T21:52:23.355+01:00   slot2 Seedot PID 0x0C5BA739 XOR 26811 shiny=False
2026-09-25T21:52:23.355+01:00   slot3 Seedot PID 0x62898A83 XOR 11219 shiny=False
2026-09-25T21:52:23.356+01:00   slot4 Seedot PID 0x40CF9735 XOR 5155 shiny=False
2026-09-25T21:52:23.472+01:00 HORDE AUTHORITY COMMITTED: +5 Pokémon seen before escape
2026-09-25T21:52:37.489+01:00 PARTY LIVE ORDER D25: source=RUNTIME_POINTER_CHAIN species=[120, 252, 283, 265, 261, 263]
2026-09-25T21:52:37.491+01:00 TIMING #50: field->encounter 11.566s • battle+return 17.143s • cycle 28.709s
2026-09-25T21:52:37.492+01:00 HF97 PHASE #50: boundary_wait 2.726s • pre_run_processing 0.392s • run_to_core_field 12.090s • postcore_field_authority 1.928s • accepted_run_attempt 24
2026-09-25T21:52:37.501+01:00 PASS #50: Horde x5 • Run tap 24 -> Route 102 grid [181, 130]
2026-09-25T21:52:37.577+01:00 AUTO SWEET SCENT RE-ARM: waiting 1.00 s after prior Horde field return before touchscreen route
2026-09-25T21:52:38.630+01:00 AUTO SWEET SCENT RE-ARM: PASS — battle inactive and anchor grid [181, 130] retained
2026-09-25T21:52:38.631+01:00 AUTO SWEET SCENT D25 TOUCH ROUTE: green Poké Ball (60,230) -> silver visible-slot-3 field icon (119, 119) -> Sweet Scent (170,104)
2026-09-25T21:52:38.907+01:00 AUTO SWEET SCENT TOUCH: GREEN_POKEBALL_PARTY xy=(60,230) touch_state=0x01F542FF completed=True
2026-09-25T21:52:40.941+01:00 AUTO SWEET SCENT TOUCH: SLOT3_SILVER_FIELD_ACTION xy=(119,119) touch_state=0x017EE5F2 completed=True
2026-09-25T21:52:41.978+01:00 AUTO SWEET SCENT TOUCH: SWEET_SCENT xy=(170,104) touch_state=0x016EE87F completed=True
2026-09-25T21:52:49.054+01:00 AUTO SWEET SCENT: battle active — Horde boundary acquired
2026-09-25T21:52:51.978+01:00 HORDE LEAD RAM REFRESH: Staryu moves=[55, 145, 129, 61] PP=[16, 30, 20, 15] source=RUNTIME_POINTER_CHAIN
2026-09-25T21:52:51.979+01:00 PARTY LIVE ORDER: battle pointer table -> species [120, 252, 283, 261, 263, 265] order [0, 1, 2, 4, 5, 3]
2026-09-25T21:52:52.038+01:00 #51 HORDE x5 [AUTO SWEET SCENT]: Seedot, Seedot, Seedot, Seedot, Seedot
2026-09-25T21:52:52.039+01:00   slot0 Seedot PID 0x9774F4A4 XOR 40969 shiny=False
2026-09-25T21:52:52.040+01:00   slot1 Seedot PID 0xAD87302B XOR 24181 shiny=False
2026-09-25T21:52:52.041+01:00   slot2 Seedot PID 0x363BE308 XOR 5866 shiny=False
2026-09-25T21:52:52.041+01:00   slot3 Seedot PID 0x082522B6 XOR 59722 shiny=False
2026-09-25T21:52:52.042+01:00   slot4 Seedot PID 0x8DF89838 XOR 54809 shiny=False
2026-09-25T21:52:52.164+01:00 HORDE AUTHORITY COMMITTED: +5 Pokémon seen before escape
2026-09-25T21:53:04.965+01:00 RUN RECOVERY EXTENSION: battle still active after 24 causal Run taps; allowing up to 24 additional bounded Run taps (48 total)
2026-09-25T21:53:06.641+01:00 PARTY LIVE ORDER D25: source=RUNTIME_POINTER_CHAIN species=[120, 252, 283, 265, 261, 263]
2026-09-25T21:53:06.644+01:00 TIMING #51: field->encounter 11.552s • battle+return 17.588s • cycle 29.140s
2026-09-25T21:53:06.646+01:00 HF97 PHASE #51: boundary_wait 2.692s • pre_run_processing 0.411s • run_to_core_field 12.903s • postcore_field_authority 1.575s • accepted_run_attempt None
2026-09-25T21:53:06.654+01:00 PASS #51: Horde x5 • Run tap None -> Route 102 grid [181, 130]
2026-09-25T21:53:06.746+01:00 AUTO SWEET SCENT RE-ARM: waiting 1.00 s after prior Horde field return before touchscreen route
2026-09-25T21:53:07.809+01:00 AUTO SWEET SCENT RE-ARM: PASS — battle inactive and anchor grid [181, 130] retained
2026-09-25T21:53:07.812+01:00 AUTO SWEET SCENT D25 TOUCH ROUTE: green Poké Ball (60,230) -> silver visible-slot-3 field icon (119, 119) -> Sweet Scent (170,104)
2026-09-25T21:53:08.116+01:00 AUTO SWEET SCENT TOUCH: GREEN_POKEBALL_PARTY xy=(60,230) touch_state=0x01F542FF completed=True
2026-09-25T21:53:10.141+01:00 AUTO SWEET SCENT TOUCH: SLOT3_SILVER_FIELD_ACTION xy=(119,119) touch_state=0x017EE5F2 completed=True
2026-09-25T21:53:11.171+01:00 AUTO SWEET SCENT TOUCH: SWEET_SCENT xy=(170,104) touch_state=0x016EE87F completed=True
2026-09-25T21:53:18.240+01:00 AUTO SWEET SCENT: battle active — Horde boundary acquired
2026-09-25T21:53:21.161+01:00 HORDE LEAD RAM REFRESH: Staryu moves=[55, 145, 129, 61] PP=[16, 30, 20, 15] source=RUNTIME_POINTER_CHAIN
2026-09-25T21:53:21.165+01:00 PARTY LIVE ORDER: battle pointer table -> species [120, 252, 283, 261, 263, 265] order [0, 1, 2, 4, 5, 3]
2026-09-25T21:53:21.223+01:00 #52 HORDE x5 [AUTO SWEET SCENT]: Zigzagoon, Zigzagoon, Zigzagoon, Zigzagoon, Zigzagoon
2026-09-25T21:53:21.224+01:00   slot0 Zigzagoon PID 0xC8827D7A XOR 30241 shiny=False
2026-09-25T21:53:21.225+01:00   slot1 Zigzagoon PID 0xE946C17A XOR 60389 shiny=False
2026-09-25T21:53:21.225+01:00   slot2 Zigzagoon PID 0x20E7C21C XOR 8482 shiny=False
2026-09-25T21:53:21.226+01:00   slot3 Zigzagoon PID 0xB59D5865 XOR 11809 shiny=False
2026-09-25T21:53:21.228+01:00   slot4 Zigzagoon PID 0x65819388 XOR 13776 shiny=False
2026-09-25T21:53:21.431+01:00 HORDE AUTHORITY COMMITTED: +5 Pokémon seen before escape
2026-09-25T21:53:34.166+01:00 RUN RECOVERY EXTENSION: battle still active after 24 causal Run taps; allowing up to 24 additional bounded Run taps (48 total)
2026-09-25T21:53:37.007+01:00 PARTY LIVE ORDER D25: source=RUNTIME_POINTER_CHAIN species=[120, 252, 283, 265, 261, 263]
2026-09-25T21:53:37.009+01:00 TIMING #52: field->encounter 11.587s • battle+return 18.768s • cycle 30.355s
2026-09-25T21:53:37.010+01:00 HF97 PHASE #52: boundary_wait 2.675s • pre_run_processing 0.508s • run_to_core_field 13.503s • postcore_field_authority 2.074s • accepted_run_attempt 26
2026-09-25T21:53:37.016+01:00 PASS #52: Horde x5 • Run tap 26 -> Route 102 grid [181, 130]
2026-09-25T21:53:37.108+01:00 AUTO SWEET SCENT RE-ARM: waiting 1.00 s after prior Horde field return before touchscreen route
2026-09-25T21:53:38.171+01:00 AUTO SWEET SCENT RE-ARM: PASS — battle inactive and anchor grid [181, 130] retained
2026-09-25T21:53:38.173+01:00 AUTO SWEET SCENT D25 TOUCH ROUTE: green Poké Ball (60,230) -> silver visible-slot-3 field icon (119, 119) -> Sweet Scent (170,104)
2026-09-25T21:53:38.450+01:00 AUTO SWEET SCENT TOUCH: GREEN_POKEBALL_PARTY xy=(60,230) touch_state=0x01F542FF completed=True
2026-09-25T21:53:40.479+01:00 AUTO SWEET SCENT TOUCH: SLOT3_SILVER_FIELD_ACTION xy=(119,119) touch_state=0x017EE5F2 completed=True
2026-09-25T21:53:41.528+01:00 AUTO SWEET SCENT TOUCH: SWEET_SCENT xy=(170,104) touch_state=0x016EE87F completed=True
2026-09-25T21:53:48.565+01:00 AUTO SWEET SCENT: battle active — Horde boundary acquired
2026-09-25T21:53:51.533+01:00 HORDE LEAD RAM REFRESH: Staryu moves=[55, 145, 129, 61] PP=[16, 30, 20, 15] source=RUNTIME_POINTER_CHAIN
2026-09-25T21:53:51.535+01:00 PARTY LIVE ORDER: battle pointer table -> species [120, 252, 283, 261, 263, 265] order [0, 1, 2, 4, 5, 3]
2026-09-25T21:53:51.605+01:00 #53 HORDE x5 [AUTO SWEET SCENT]: Zigzagoon, Zigzagoon, Zigzagoon, Zigzagoon, Zigzagoon
2026-09-25T21:53:51.606+01:00   slot0 Zigzagoon PID 0xBE04D7AF XOR 43634 shiny=False
2026-09-25T21:53:51.607+01:00   slot1 Zigzagoon PID 0x2EF6C0F2 XOR 11741 shiny=False
2026-09-25T21:53:51.607+01:00   slot2 Zigzagoon PID 0x7F99C58A XOR 31178 shiny=False
2026-09-25T21:53:51.608+01:00   slot3 Zigzagoon PID 0x330FFA1F XOR 2761 shiny=False
2026-09-25T21:53:51.609+01:00   slot4 Zigzagoon PID 0xA2CD6B45 XOR 2641 shiny=False
2026-09-25T21:53:51.720+01:00 HORDE AUTHORITY COMMITTED: +5 Pokémon seen before escape
2026-09-25T21:54:04.600+01:00 RUN RECOVERY EXTENSION: battle still active after 24 causal Run taps; allowing up to 24 additional bounded Run taps (48 total)
2026-09-25T21:54:07.281+01:00 PARTY LIVE ORDER D25: source=RUNTIME_POINTER_CHAIN species=[120, 252, 283, 265, 261, 263]
2026-09-25T21:54:07.284+01:00 TIMING #53: field->encounter 11.549s • battle+return 18.717s • cycle 30.266s
2026-09-25T21:54:07.286+01:00 HF97 PHASE #53: boundary_wait 2.758s • pre_run_processing 0.391s • run_to_core_field 13.683s • postcore_field_authority 1.879s • accepted_run_attempt 26
2026-09-25T21:54:07.292+01:00 PASS #53: Horde x5 • Run tap 26 -> Route 102 grid [181, 130]
2026-09-25T21:54:07.372+01:00 AUTO SWEET SCENT RE-ARM: waiting 1.00 s after prior Horde field return before touchscreen route
2026-09-25T21:54:08.429+01:00 AUTO SWEET SCENT RE-ARM: PASS — battle inactive and anchor grid [181, 130] retained
2026-09-25T21:54:08.431+01:00 AUTO SWEET SCENT D25 TOUCH ROUTE: green Poké Ball (60,230) -> silver visible-slot-3 field icon (119, 119) -> Sweet Scent (170,104)
2026-09-25T21:54:08.702+01:00 AUTO SWEET SCENT TOUCH: GREEN_POKEBALL_PARTY xy=(60,230) touch_state=0x01F542FF completed=True
2026-09-25T21:54:10.734+01:00 AUTO SWEET SCENT TOUCH: SLOT3_SILVER_FIELD_ACTION xy=(119,119) touch_state=0x017EE5F2 completed=True
2026-09-25T21:54:11.764+01:00 AUTO SWEET SCENT TOUCH: SWEET_SCENT xy=(170,104) touch_state=0x016EE87F completed=True
2026-09-25T21:54:18.831+01:00 AUTO SWEET SCENT: battle active — Horde boundary acquired
2026-09-25T21:54:21.810+01:00 HORDE LEAD RAM REFRESH: Staryu moves=[55, 145, 129, 61] PP=[16, 30, 20, 15] source=RUNTIME_POINTER_CHAIN
2026-09-25T21:54:21.811+01:00 PARTY LIVE ORDER: battle pointer table -> species [120, 252, 283, 261, 263, 265] order [0, 1, 2, 4, 5, 3]
2026-09-25T21:54:21.874+01:00 #54 HORDE x5 [AUTO SWEET SCENT]: Zigzagoon, Zigzagoon, Zigzagoon, Zigzagoon, Zigzagoon
2026-09-25T21:54:21.875+01:00   slot0 Zigzagoon PID 0xBD1076C9 XOR 2048 shiny=False
2026-09-25T21:54:21.876+01:00   slot1 Zigzagoon PID 0xBE9F3C20 XOR 16742 shiny=False
2026-09-25T21:54:21.877+01:00   slot2 Zigzagoon PID 0xB224C2DE XOR 45859 shiny=False
2026-09-25T21:54:21.877+01:00   slot3 Zigzagoon PID 0x6BA066E3 XOR 52890 shiny=False
2026-09-25T21:54:21.878+01:00   slot4 Zigzagoon PID 0x451D8DA2 XOR 2918 shiny=False
2026-09-25T21:54:21.995+01:00 HORDE AUTHORITY COMMITTED: +5 Pokémon seen before escape
2026-09-25T21:54:34.704+01:00 RUN RECOVERY EXTENSION: battle still active after 24 causal Run taps; allowing up to 24 additional bounded Run taps (48 total)
2026-09-25T21:54:37.427+01:00 PARTY LIVE ORDER D25: source=RUNTIME_POINTER_CHAIN species=[120, 252, 283, 265, 261, 263]
2026-09-25T21:54:37.430+01:00 TIMING #54: field->encounter 11.540s • battle+return 18.597s • cycle 30.136s
2026-09-25T21:54:37.430+01:00 HF97 PHASE #54: boundary_wait 2.746s • pre_run_processing 0.413s • run_to_core_field 13.464s • postcore_field_authority 1.967s • accepted_run_attempt 26
2026-09-25T21:54:37.437+01:00 PASS #54: Horde x5 • Run tap 26 -> Route 102 grid [181, 130]
2026-09-25T21:54:37.523+01:00 AUTO SWEET SCENT RE-ARM: waiting 1.00 s after prior Horde field return before touchscreen route
2026-09-25T21:54:38.588+01:00 AUTO SWEET SCENT RE-ARM: PASS — battle inactive and anchor grid [181, 130] retained
2026-09-25T21:54:38.590+01:00 AUTO SWEET SCENT D25 TOUCH ROUTE: green Poké Ball (60,230) -> silver visible-slot-3 field icon (119, 119) -> Sweet Scent (170,104)
2026-09-25T21:54:38.890+01:00 AUTO SWEET SCENT TOUCH: GREEN_POKEBALL_PARTY xy=(60,230) touch_state=0x01F542FF completed=True
2026-09-25T21:54:40.916+01:00 AUTO SWEET SCENT TOUCH: SLOT3_SILVER_FIELD_ACTION xy=(119,119) touch_state=0x017EE5F2 completed=True
2026-09-25T21:54:41.940+01:00 AUTO SWEET SCENT TOUCH: SWEET_SCENT xy=(170,104) touch_state=0x016EE87F completed=True
2026-09-25T21:54:48.991+01:00 AUTO SWEET SCENT: battle active — Horde boundary acquired
2026-09-25T21:54:51.960+01:00 HORDE LEAD RAM REFRESH: Staryu moves=[55, 145, 129, 61] PP=[16, 30, 20, 15] source=RUNTIME_POINTER_CHAIN
2026-09-25T21:54:51.964+01:00 PARTY LIVE ORDER: battle pointer table -> species [120, 252, 283, 261, 263, 265] order [0, 1, 2, 4, 5, 3]
2026-09-25T21:54:52.033+01:00 #55 HORDE x5 [AUTO SWEET SCENT]: Seedot, Seedot, Seedot, Seedot, Seedot
2026-09-25T21:54:52.034+01:00   slot0 Seedot PID 0xE54DA5CA XOR 33630 shiny=False
2026-09-25T21:54:52.035+01:00   slot1 Seedot PID 0x61E748B6 XOR 60040 shiny=False
2026-09-25T21:54:52.036+01:00   slot2 Seedot PID 0x85547B05 XOR 15752 shiny=False
2026-09-25T21:54:52.036+01:00   slot3 Seedot PID 0xCC15D428 XOR 56292 shiny=False
2026-09-25T21:54:52.037+01:00   slot4 Seedot PID 0x587D8905 XOR 4769 shiny=False
2026-09-25T21:54:52.163+01:00 HORDE AUTHORITY COMMITTED: +5 Pokémon seen before escape
2026-09-25T21:55:06.251+01:00 PARTY LIVE ORDER D25: source=RUNTIME_POINTER_CHAIN species=[120, 252, 283, 265, 261, 263]
2026-09-25T21:55:06.255+01:00 TIMING #55: field->encounter 11.554s • battle+return 17.263s • cycle 28.817s
2026-09-25T21:55:06.260+01:00 HF97 PHASE #55: boundary_wait 2.727s • pre_run_processing 0.435s • run_to_core_field 12.167s • postcore_field_authority 1.924s • accepted_run_attempt 24
2026-09-25T21:55:06.272+01:00 PASS #55: Horde x5 • Run tap 24 -> Route 102 grid [181, 130]
2026-09-25T21:55:06.341+01:00 AUTO SWEET SCENT RE-ARM: waiting 1.00 s after prior Horde field return before touchscreen route
2026-09-25T21:55:07.404+01:00 AUTO SWEET SCENT RE-ARM: PASS — battle inactive and anchor grid [181, 130] retained
2026-09-25T21:55:07.406+01:00 AUTO SWEET SCENT D25 TOUCH ROUTE: green Poké Ball (60,230) -> silver visible-slot-3 field icon (119, 119) -> Sweet Scent (170,104)
2026-09-25T21:55:07.703+01:00 AUTO SWEET SCENT TOUCH: GREEN_POKEBALL_PARTY xy=(60,230) touch_state=0x01F542FF completed=True
2026-09-25T21:55:09.738+01:00 AUTO SWEET SCENT TOUCH: SLOT3_SILVER_FIELD_ACTION xy=(119,119) touch_state=0x017EE5F2 completed=True
2026-09-25T21:55:10.780+01:00 AUTO SWEET SCENT TOUCH: SWEET_SCENT xy=(170,104) touch_state=0x016EE87F completed=True
2026-09-25T21:55:17.820+01:00 AUTO SWEET SCENT: battle active — Horde boundary acquired
2026-09-25T21:55:20.739+01:00 HORDE LEAD RAM REFRESH: Staryu moves=[55, 145, 129, 61] PP=[16, 30, 20, 15] source=RUNTIME_POINTER_CHAIN
2026-09-25T21:55:20.744+01:00 PARTY LIVE ORDER: battle pointer table -> species [120, 252, 283, 261, 263, 265] order [0, 1, 2, 4, 5, 3]
2026-09-25T21:55:20.798+01:00 #56 HORDE x5 [AUTO SWEET SCENT]: Zigzagoon, Zigzagoon, Zigzagoon, Zigzagoon, Zigzagoon
2026-09-25T21:55:20.799+01:00   slot0 Zigzagoon PID 0x2356F78B XOR 5892 shiny=False
2026-09-25T21:55:20.799+01:00   slot1 Zigzagoon PID 0x6F7AEE4C XOR 17135 shiny=False
2026-09-25T21:55:20.800+01:00   slot2 Zigzagoon PID 0xBEB0940D XOR 59748 shiny=False
2026-09-25T21:55:20.801+01:00   slot3 Zigzagoon PID 0x3F777E6A XOR 33476 shiny=False
2026-09-25T21:55:20.803+01:00   slot4 Zigzagoon PID 0xFD5A53A1 XOR 27938 shiny=False
2026-09-25T21:55:20.955+01:00 HORDE AUTHORITY COMMITTED: +5 Pokémon seen before escape
2026-09-25T21:55:33.687+01:00 RUN RECOVERY EXTENSION: battle still active after 24 causal Run taps; allowing up to 24 additional bounded Run taps (48 total)
2026-09-25T21:55:36.401+01:00 PARTY LIVE ORDER D25: source=RUNTIME_POINTER_CHAIN species=[120, 252, 283, 265, 261, 263]
2026-09-25T21:55:36.404+01:00 TIMING #56: field->encounter 11.548s • battle+return 18.583s • cycle 30.131s
2026-09-25T21:55:36.405+01:00 HF97 PHASE #56: boundary_wait 2.688s • pre_run_processing 0.440s • run_to_core_field 13.527s • postcore_field_authority 1.921s • accepted_run_attempt 26
2026-09-25T21:55:36.418+01:00 PASS #56: Horde x5 • Run tap 26 -> Route 102 grid [181, 130]
2026-09-25T21:55:36.483+01:00 AUTO SWEET SCENT RE-ARM: waiting 1.00 s after prior Horde field return before touchscreen route
2026-09-25T21:55:37.544+01:00 AUTO SWEET SCENT RE-ARM: PASS — battle inactive and anchor grid [181, 130] retained
2026-09-25T21:55:37.547+01:00 AUTO SWEET SCENT D25 TOUCH ROUTE: green Poké Ball (60,230) -> silver visible-slot-3 field icon (119, 119) -> Sweet Scent (170,104)
2026-09-25T21:55:37.833+01:00 AUTO SWEET SCENT TOUCH: GREEN_POKEBALL_PARTY xy=(60,230) touch_state=0x01F542FF completed=True
2026-09-25T21:55:39.867+01:00 AUTO SWEET SCENT TOUCH: SLOT3_SILVER_FIELD_ACTION xy=(119,119) touch_state=0x017EE5F2 completed=True
2026-09-25T21:55:40.921+01:00 AUTO SWEET SCENT TOUCH: SWEET_SCENT xy=(170,104) touch_state=0x016EE87F completed=True
2026-09-25T21:55:48.015+01:00 AUTO SWEET SCENT: battle active — Horde boundary acquired
2026-09-25T21:55:51.029+01:00 HORDE LEAD RAM REFRESH: Staryu moves=[55, 145, 129, 61] PP=[16, 30, 20, 15] source=RUNTIME_POINTER_CHAIN
2026-09-25T21:55:51.031+01:00 PARTY LIVE ORDER: battle pointer table -> species [120, 252, 283, 261, 263, 265] order [0, 1, 2, 4, 5, 3]
2026-09-25T21:55:51.088+01:00 #57 HORDE x5 [AUTO SWEET SCENT]: Zigzagoon, Zigzagoon, Zigzagoon, Zigzagoon, Zigzagoon
2026-09-25T21:55:51.089+01:00   slot0 Zigzagoon PID 0x0A6C4921 XOR 32916 shiny=False
2026-09-25T21:55:51.090+01:00   slot1 Zigzagoon PID 0x6C87B1A2 XOR 7932 shiny=False
2026-09-25T21:55:51.091+01:00   slot2 Zigzagoon PID 0x94F25653 XOR 376 shiny=False
2026-09-25T21:55:51.092+01:00   slot3 Zigzagoon PID 0x77590569 XOR 45545 shiny=False
2026-09-25T21:55:51.093+01:00   slot4 Zigzagoon PID 0xAEC1FFF5 XOR 37613 shiny=False
2026-09-25T21:55:51.246+01:00 HORDE AUTHORITY COMMITTED: +5 Pokémon seen before escape
2026-09-25T21:56:03.919+01:00 RUN RECOVERY EXTENSION: battle still active after 24 causal Run taps; allowing up to 24 additional bounded Run taps (48 total)
2026-09-25T21:56:06.654+01:00 PARTY LIVE ORDER D25: source=RUNTIME_POINTER_CHAIN species=[120, 252, 283, 265, 261, 263]
2026-09-25T21:56:06.655+01:00 TIMING #57: field->encounter 11.597s • battle+return 18.639s • cycle 30.236s
2026-09-25T21:56:06.656+01:00 HF97 PHASE #57: boundary_wait 2.771s • pre_run_processing 0.452s • run_to_core_field 13.449s • postcore_field_authority 1.959s • accepted_run_attempt 26
2026-09-25T21:56:06.669+01:00 PASS #57: Horde x5 • Run tap 26 -> Route 102 grid [181, 130]
2026-09-25T21:56:06.738+01:00 AUTO SWEET SCENT RE-ARM: waiting 1.00 s after prior Horde field return before touchscreen route
2026-09-25T21:56:07.802+01:00 AUTO SWEET SCENT RE-ARM: PASS — battle inactive and anchor grid [181, 130] retained
2026-09-25T21:56:07.804+01:00 AUTO SWEET SCENT D25 TOUCH ROUTE: green Poké Ball (60,230) -> silver visible-slot-3 field icon (119, 119) -> Sweet Scent (170,104)
2026-09-25T21:56:08.088+01:00 AUTO SWEET SCENT TOUCH: GREEN_POKEBALL_PARTY xy=(60,230) touch_state=0x01F542FF completed=True
2026-09-25T21:56:10.111+01:00 AUTO SWEET SCENT TOUCH: SLOT3_SILVER_FIELD_ACTION xy=(119,119) touch_state=0x017EE5F2 completed=True
2026-09-25T21:56:11.148+01:00 AUTO SWEET SCENT TOUCH: SWEET_SCENT xy=(170,104) touch_state=0x016EE87F completed=True
2026-09-25T21:56:18.196+01:00 AUTO SWEET SCENT: battle active — Horde boundary acquired
2026-09-25T21:56:21.105+01:00 HORDE LEAD RAM REFRESH: Staryu moves=[55, 145, 129, 61] PP=[16, 30, 20, 15] source=RUNTIME_POINTER_CHAIN
2026-09-25T21:56:21.106+01:00 PARTY LIVE ORDER: battle pointer table -> species [120, 252, 283, 261, 263, 265] order [0, 1, 2, 4, 5, 3]
2026-09-25T21:56:21.163+01:00 #58 HORDE x5 [AUTO SWEET SCENT]: Zigzagoon, Zigzagoon, Zigzagoon, Zigzagoon, Zigzagoon
2026-09-25T21:56:21.164+01:00   slot0 Zigzagoon PID 0xE6C74A2B XOR 28469 shiny=False
2026-09-25T21:56:21.164+01:00   slot1 Zigzagoon PID 0xADE448B0 XOR 9869 shiny=False
2026-09-25T21:56:21.165+01:00   slot2 Zigzagoon PID 0x9325D5E6 XOR 34074 shiny=False
2026-09-25T21:56:21.166+01:00   slot3 Zigzagoon PID 0x73CA12B2 XOR 41633 shiny=False
2026-09-25T21:56:21.167+01:00   slot4 Zigzagoon PID 0x0B2EA49F XOR 27752 shiny=False
2026-09-25T21:56:21.312+01:00 HORDE AUTHORITY COMMITTED: +5 Pokémon seen before escape
2026-09-25T21:56:34.053+01:00 RUN RECOVERY EXTENSION: battle still active after 24 causal Run taps; allowing up to 24 additional bounded Run taps (48 total)
2026-09-25T21:56:36.834+01:00 PARTY LIVE ORDER D25: source=RUNTIME_POINTER_CHAIN species=[120, 252, 283, 265, 261, 263]
2026-09-25T21:56:36.837+01:00 TIMING #58: field->encounter 11.525s • battle+return 18.640s • cycle 30.166s
2026-09-25T21:56:36.840+01:00 HF97 PHASE #58: boundary_wait 2.669s • pre_run_processing 0.440s • run_to_core_field 13.540s • postcore_field_authority 1.984s • accepted_run_attempt 26
2026-09-25T21:56:36.852+01:00 PASS #58: Horde x5 • Run tap 26 -> Route 102 grid [181, 130]
2026-09-25T21:56:36.927+01:00 AUTO SWEET SCENT RE-ARM: waiting 1.00 s after prior Horde field return before touchscreen route
2026-09-25T21:56:37.994+01:00 AUTO SWEET SCENT RE-ARM: PASS — battle inactive and anchor grid [181, 130] retained
2026-09-25T21:56:37.999+01:00 AUTO SWEET SCENT D25 TOUCH ROUTE: green Poké Ball (60,230) -> silver visible-slot-3 field icon (119, 119) -> Sweet Scent (170,104)
2026-09-25T21:56:38.291+01:00 AUTO SWEET SCENT TOUCH: GREEN_POKEBALL_PARTY xy=(60,230) touch_state=0x01F542FF completed=True
2026-09-25T21:56:40.316+01:00 AUTO SWEET SCENT TOUCH: SLOT3_SILVER_FIELD_ACTION xy=(119,119) touch_state=0x017EE5F2 completed=True
2026-09-25T21:56:41.347+01:00 AUTO SWEET SCENT TOUCH: SWEET_SCENT xy=(170,104) touch_state=0x016EE87F completed=True
2026-09-25T21:56:48.445+01:00 AUTO SWEET SCENT: battle active — Horde boundary acquired
2026-09-25T21:56:51.374+01:00 HORDE LEAD RAM REFRESH: Staryu moves=[55, 145, 129, 61] PP=[16, 30, 20, 15] source=RUNTIME_POINTER_CHAIN
2026-09-25T21:56:51.376+01:00 PARTY LIVE ORDER: battle pointer table -> species [120, 252, 283, 261, 263, 265] order [0, 1, 2, 4, 5, 3]
2026-09-25T21:56:51.426+01:00 #59 HORDE x5 [AUTO SWEET SCENT]: Zigzagoon, Zigzagoon, Zigzagoon, Zigzagoon, Zigzagoon
2026-09-25T21:56:51.427+01:00   slot0 Zigzagoon PID 0xADA4CCF4 XOR 41609 shiny=False
2026-09-25T21:56:51.429+01:00   slot1 Zigzagoon PID 0x93795194 XOR 308 shiny=False
2026-09-25T21:56:51.430+01:00   slot2 Zigzagoon PID 0xB155267C XOR 21744 shiny=False
2026-09-25T21:56:51.430+01:00   slot3 Zigzagoon PID 0x45DB450B XOR 49929 shiny=False
2026-09-25T21:56:51.431+01:00   slot4 Zigzagoon PID 0xBD742380 XOR 23853 shiny=False
2026-09-25T21:56:51.572+01:00 HORDE AUTHORITY COMMITTED: +5 Pokémon seen before escape
2026-09-25T21:57:04.283+01:00 RUN RECOVERY EXTENSION: battle still active after 24 causal Run taps; allowing up to 24 additional bounded Run taps (48 total)
2026-09-25T21:57:06.993+01:00 PARTY LIVE ORDER D25: source=RUNTIME_POINTER_CHAIN species=[120, 252, 283, 265, 261, 263]
2026-09-25T21:57:06.996+01:00 TIMING #59: field->encounter 11.593s • battle+return 18.550s • cycle 30.143s
2026-09-25T21:57:06.997+01:00 HF97 PHASE #59: boundary_wait 2.692s • pre_run_processing 0.426s • run_to_core_field 13.496s • postcore_field_authority 1.927s • accepted_run_attempt 26
2026-09-25T21:57:07.008+01:00 PASS #59: Horde x5 • Run tap 26 -> Route 102 grid [181, 130]
2026-09-25T21:57:07.071+01:00 AUTO SWEET SCENT RE-ARM: waiting 1.00 s after prior Horde field return before touchscreen route
2026-09-25T21:57:08.143+01:00 AUTO SWEET SCENT RE-ARM: PASS — battle inactive and anchor grid [181, 130] retained
2026-09-25T21:57:08.147+01:00 AUTO SWEET SCENT D25 TOUCH ROUTE: green Poké Ball (60,230) -> silver visible-slot-3 field icon (119, 119) -> Sweet Scent (170,104)
2026-09-25T21:57:08.429+01:00 AUTO SWEET SCENT TOUCH: GREEN_POKEBALL_PARTY xy=(60,230) touch_state=0x01F542FF completed=True
2026-09-25T21:57:10.456+01:00 AUTO SWEET SCENT TOUCH: SLOT3_SILVER_FIELD_ACTION xy=(119,119) touch_state=0x017EE5F2 completed=True
2026-09-25T21:57:11.480+01:00 AUTO SWEET SCENT TOUCH: SWEET_SCENT xy=(170,104) touch_state=0x016EE87F completed=True
2026-09-25T21:57:18.525+01:00 AUTO SWEET SCENT: battle active — Horde boundary acquired
2026-09-25T21:57:21.501+01:00 HORDE LEAD RAM REFRESH: Staryu moves=[55, 145, 129, 61] PP=[16, 30, 20, 15] source=RUNTIME_POINTER_CHAIN
2026-09-25T21:57:21.505+01:00 PARTY LIVE ORDER: battle pointer table -> species [120, 252, 283, 261, 263, 265] order [0, 1, 2, 4, 5, 3]
2026-09-25T21:57:21.553+01:00 #60 HORDE x5 [AUTO SWEET SCENT]: Seedot, Seedot, Seedot, Seedot, Seedot
2026-09-25T21:57:21.554+01:00   slot0 Seedot PID 0x8EA3E401 XOR 43387 shiny=False
2026-09-25T21:57:21.555+01:00   slot1 Seedot PID 0xBF2E758E XOR 2425 shiny=False
2026-09-25T21:57:21.558+01:00   slot2 Seedot PID 0x1784392F XOR 60786 shiny=False
2026-09-25T21:57:21.558+01:00   slot3 Seedot PID 0xDF8E47EB XOR 23484 shiny=False
2026-09-25T21:57:21.560+01:00   slot4 Seedot PID 0x5768729D XOR 58924 shiny=False
2026-09-25T21:57:21.698+01:00 HORDE AUTHORITY COMMITTED: +5 Pokémon seen before escape
2026-09-25T21:57:35.603+01:00 PARTY LIVE ORDER D25: source=RUNTIME_POINTER_CHAIN species=[120, 252, 283, 265, 261, 263]
2026-09-25T21:57:35.606+01:00 TIMING #60: field->encounter 11.516s • battle+return 17.080s • cycle 28.595s
2026-09-25T21:57:35.607+01:00 HF97 PHASE #60: boundary_wait 2.742s • pre_run_processing 0.422s • run_to_core_field 11.957s • postcore_field_authority 1.950s • accepted_run_attempt 24
2026-09-25T21:57:35.619+01:00 PASS #60: Horde x5 • Run tap 24 -> Route 102 grid [181, 130]
2026-09-25T21:57:35.690+01:00 AUTO SWEET SCENT RE-ARM: waiting 1.00 s after prior Horde field return before touchscreen route
2026-09-25T21:57:36.754+01:00 AUTO SWEET SCENT RE-ARM: PASS — battle inactive and anchor grid [181, 130] retained
2026-09-25T21:57:36.756+01:00 AUTO SWEET SCENT D25 TOUCH ROUTE: green Poké Ball (60,230) -> silver visible-slot-3 field icon (119, 119) -> Sweet Scent (170,104)
2026-09-25T21:57:37.028+01:00 AUTO SWEET SCENT TOUCH: GREEN_POKEBALL_PARTY xy=(60,230) touch_state=0x01F542FF completed=True
2026-09-25T21:57:39.070+01:00 AUTO SWEET SCENT TOUCH: SLOT3_SILVER_FIELD_ACTION xy=(119,119) touch_state=0x017EE5F2 completed=True
2026-09-25T21:57:40.112+01:00 AUTO SWEET SCENT TOUCH: SWEET_SCENT xy=(170,104) touch_state=0x016EE87F completed=True
2026-09-25T21:57:47.150+01:00 AUTO SWEET SCENT: battle active — Horde boundary acquired
2026-09-25T21:57:50.115+01:00 HORDE LEAD RAM REFRESH: Staryu moves=[55, 145, 129, 61] PP=[16, 30, 20, 15] source=RUNTIME_POINTER_CHAIN
2026-09-25T21:57:50.118+01:00 PARTY LIVE ORDER: battle pointer table -> species [120, 252, 283, 261, 263, 265] order [0, 1, 2, 4, 5, 3]
2026-09-25T21:57:50.171+01:00 #61 HORDE x5 [AUTO SWEET SCENT]: Zigzagoon, Zigzagoon, Zigzagoon, Zigzagoon, Zigzagoon
2026-09-25T21:57:50.172+01:00   slot0 Zigzagoon PID 0xD3B60E35 XOR 7770 shiny=False
2026-09-25T21:57:50.174+01:00   slot1 Zigzagoon PID 0x489FE702 XOR 27716 shiny=False
2026-09-25T21:57:50.175+01:00   slot2 Zigzagoon PID 0xC840CFCC XOR 50261 shiny=False
2026-09-25T21:57:50.176+01:00   slot3 Zigzagoon PID 0x23FA7644 XOR 38503 shiny=False
2026-09-25T21:57:50.177+01:00   slot4 Zigzagoon PID 0x07132F08 XOR 60354 shiny=False
2026-09-25T21:57:50.325+01:00 HORDE AUTHORITY COMMITTED: +5 Pokémon seen before escape
2026-09-25T21:58:03.039+01:00 RUN RECOVERY EXTENSION: battle still active after 24 causal Run taps; allowing up to 24 additional bounded Run taps (48 total)
2026-09-25T21:58:05.782+01:00 PARTY LIVE ORDER D25: source=RUNTIME_POINTER_CHAIN species=[120, 252, 283, 265, 261, 263]
2026-09-25T21:58:05.784+01:00 TIMING #61: field->encounter 11.532s • battle+return 18.632s • cycle 30.163s
2026-09-25T21:58:05.787+01:00 HF97 PHASE #61: boundary_wait 2.742s • pre_run_processing 0.426s • run_to_core_field 13.497s • postcore_field_authority 1.960s • accepted_run_attempt 26
2026-09-25T21:58:05.795+01:00 PASS #61: Horde x5 • Run tap 26 -> Route 102 grid [181, 130]
2026-09-25T21:58:05.871+01:00 AUTO SWEET SCENT RE-ARM: waiting 1.00 s after prior Horde field return before touchscreen route
2026-09-25T21:58:06.931+01:00 AUTO SWEET SCENT RE-ARM: PASS — battle inactive and anchor grid [181, 130] retained
2026-09-25T21:58:06.935+01:00 AUTO SWEET SCENT D25 TOUCH ROUTE: green Poké Ball (60,230) -> silver visible-slot-3 field icon (119, 119) -> Sweet Scent (170,104)
2026-09-25T21:58:07.220+01:00 AUTO SWEET SCENT TOUCH: GREEN_POKEBALL_PARTY xy=(60,230) touch_state=0x01F542FF completed=True
2026-09-25T21:58:09.265+01:00 AUTO SWEET SCENT TOUCH: SLOT3_SILVER_FIELD_ACTION xy=(119,119) touch_state=0x017EE5F2 completed=True
2026-09-25T21:58:10.380+01:00 AUTO SWEET SCENT TOUCH: SWEET_SCENT xy=(170,104) touch_state=0x016EE87F completed=True
2026-09-25T21:58:17.462+01:00 AUTO SWEET SCENT: battle active — Horde boundary acquired
2026-09-25T21:58:20.335+01:00 HORDE LEAD RAM REFRESH: Staryu moves=[55, 145, 129, 61] PP=[16, 30, 20, 15] source=RUNTIME_POINTER_CHAIN
2026-09-25T21:58:20.337+01:00 PARTY LIVE ORDER: battle pointer table -> species [120, 252, 283, 261, 263, 265] order [0, 1, 2, 4, 5, 3]
2026-09-25T21:58:20.395+01:00 #62 HORDE x5 [AUTO SWEET SCENT]: Zigzagoon, Zigzagoon, Zigzagoon, Zigzagoon, Zigzagoon
2026-09-25T21:58:20.396+01:00   slot0 Zigzagoon PID 0x4F2B6007 XOR 60661 shiny=False
2026-09-25T21:58:20.397+01:00   slot1 Zigzagoon PID 0x10B8CBF0 XOR 6289 shiny=False
2026-09-25T21:58:20.397+01:00   slot2 Zigzagoon PID 0x145F955E XOR 17112 shiny=False
2026-09-25T21:58:20.398+01:00   slot3 Zigzagoon PID 0x78E6FEB0 XOR 17807 shiny=False
2026-09-25T21:58:20.399+01:00   slot4 Zigzagoon PID 0x29E3AEC7 XOR 17661 shiny=False
2026-09-25T21:58:20.513+01:00 HORDE AUTHORITY COMMITTED: +5 Pokémon seen before escape
2026-09-25T21:58:33.459+01:00 RUN RECOVERY EXTENSION: battle still active after 24 causal Run taps; allowing up to 24 additional bounded Run taps (48 total)
2026-09-25T21:58:35.615+01:00 PARTY LIVE ORDER D25: source=RUNTIME_POINTER_CHAIN species=[120, 252, 283, 265, 261, 263]
2026-09-25T21:58:35.619+01:00 TIMING #62: field->encounter 11.668s • battle+return 18.154s • cycle 29.822s
2026-09-25T21:58:35.620+01:00 HF97 PHASE #62: boundary_wait 2.650s • pre_run_processing 0.394s • run_to_core_field 13.211s • postcore_field_authority 1.892s • accepted_run_attempt 25
2026-09-25T21:58:35.625+01:00 PASS #62: Horde x5 • Run tap 25 -> Route 102 grid [181, 130]
2026-09-25T21:58:35.716+01:00 AUTO SWEET SCENT RE-ARM: waiting 1.00 s after prior Horde field return before touchscreen route
2026-09-25T21:58:36.782+01:00 AUTO SWEET SCENT RE-ARM: PASS — battle inactive and anchor grid [181, 130] retained
2026-09-25T21:58:36.783+01:00 AUTO SWEET SCENT D25 TOUCH ROUTE: green Poké Ball (60,230) -> silver visible-slot-3 field icon (119, 119) -> Sweet Scent (170,104)
2026-09-25T21:58:37.053+01:00 AUTO SWEET SCENT TOUCH: GREEN_POKEBALL_PARTY xy=(60,230) touch_state=0x01F542FF completed=True
2026-09-25T21:58:39.077+01:00 AUTO SWEET SCENT TOUCH: SLOT3_SILVER_FIELD_ACTION xy=(119,119) touch_state=0x017EE5F2 completed=True
2026-09-25T21:58:40.101+01:00 AUTO SWEET SCENT TOUCH: SWEET_SCENT xy=(170,104) touch_state=0x016EE87F completed=True
2026-09-25T21:58:47.129+01:00 AUTO SWEET SCENT: battle active — Horde boundary acquired
2026-09-25T21:58:50.180+01:00 HORDE LEAD RAM REFRESH: Staryu moves=[55, 145, 129, 61] PP=[16, 30, 20, 15] source=RUNTIME_POINTER_CHAIN
2026-09-25T21:58:50.181+01:00 PARTY LIVE ORDER: battle pointer table -> species [120, 252, 283, 261, 263, 265] order [0, 1, 2, 4, 5, 3]
2026-09-25T21:58:50.233+01:00 #63 HORDE x5 [AUTO SWEET SCENT]: Zigzagoon, Zigzagoon, Zigzagoon, Zigzagoon, Zigzagoon
2026-09-25T21:58:50.235+01:00   slot0 Zigzagoon PID 0x14443FA0 XOR 59453 shiny=False
2026-09-25T21:58:50.236+01:00   slot1 Zigzagoon PID 0xE2696AB7 XOR 19207 shiny=False
2026-09-25T21:58:50.237+01:00   slot2 Zigzagoon PID 0x7C7853F1 XOR 60496 shiny=False
2026-09-25T21:58:50.237+01:00   slot3 Zigzagoon PID 0xD82CD789 XOR 52348 shiny=False
2026-09-25T21:58:50.238+01:00   slot4 Zigzagoon PID 0xBF17F7FE XOR 35632 shiny=False
2026-09-25T21:58:50.352+01:00 HORDE AUTHORITY COMMITTED: +5 Pokémon seen before escape
2026-09-25T21:59:03.204+01:00 RUN RECOVERY EXTENSION: battle still active after 24 causal Run taps; allowing up to 24 additional bounded Run taps (48 total)
2026-09-25T21:59:05.503+01:00 PARTY LIVE ORDER D25: source=RUNTIME_POINTER_CHAIN species=[120, 252, 283, 265, 261, 263]
2026-09-25T21:59:05.505+01:00 TIMING #63: field->encounter 11.504s • battle+return 18.375s • cycle 29.879s
2026-09-25T21:59:05.506+01:00 HF97 PHASE #63: boundary_wait 2.813s • pre_run_processing 0.399s • run_to_core_field 13.130s • postcore_field_authority 2.022s • accepted_run_attempt 25
2026-09-25T21:59:05.513+01:00 PASS #63: Horde x5 • Run tap 25 -> Route 102 grid [181, 130]
2026-09-25T21:59:05.598+01:00 AUTO SWEET SCENT RE-ARM: waiting 1.00 s after prior Horde field return before touchscreen route
2026-09-25T21:59:06.674+01:00 AUTO SWEET SCENT RE-ARM: PASS — battle inactive and anchor grid [181, 130] retained
2026-09-25T21:59:06.676+01:00 AUTO SWEET SCENT D25 TOUCH ROUTE: green Poké Ball (60,230) -> silver visible-slot-3 field icon (119, 119) -> Sweet Scent (170,104)
2026-09-25T21:59:06.971+01:00 AUTO SWEET SCENT TOUCH: GREEN_POKEBALL_PARTY xy=(60,230) touch_state=0x01F542FF completed=True
2026-09-25T21:59:09.297+01:00 AUTO SWEET SCENT TOUCH: SLOT3_SILVER_FIELD_ACTION xy=(119,119) touch_state=0x017EE5F2 completed=True
2026-09-25T21:59:10.331+01:00 AUTO SWEET SCENT TOUCH: SWEET_SCENT xy=(170,104) touch_state=0x016EE87F completed=True
2026-09-25T21:59:17.352+01:00 AUTO SWEET SCENT: battle active — Horde boundary acquired
2026-09-25T21:59:20.435+01:00 HORDE LEAD RAM REFRESH: Staryu moves=[55, 145, 129, 61] PP=[16, 30, 20, 15] source=RUNTIME_POINTER_CHAIN
2026-09-25T21:59:20.436+01:00 PARTY LIVE ORDER: battle pointer table -> species [120, 252, 283, 261, 263, 265] order [0, 1, 2, 4, 5, 3]
2026-09-25T21:59:20.497+01:00 #64 HORDE x5 [AUTO SWEET SCENT]: Zigzagoon, Zigzagoon, Zigzagoon, Zigzagoon, Zigzagoon
2026-09-25T21:59:20.498+01:00   slot0 Zigzagoon PID 0xC41760F2 XOR 26428 shiny=False
2026-09-25T21:59:20.499+01:00   slot1 Zigzagoon PID 0x6BB07185 XOR 55788 shiny=False
2026-09-25T21:59:20.500+01:00   slot2 Zigzagoon PID 0x79E0A7C9 XOR 7664 shiny=False
2026-09-25T21:59:20.501+01:00   slot3 Zigzagoon PID 0x9753B2B5 XOR 58943 shiny=False
2026-09-25T21:59:20.503+01:00   slot4 Zigzagoon PID 0xB8901D9E XOR 26327 shiny=False
2026-09-25T21:59:20.618+01:00 HORDE AUTHORITY COMMITTED: +5 Pokémon seen before escape
2026-09-25T21:59:33.318+01:00 RUN RECOVERY EXTENSION: battle still active after 24 causal Run taps; allowing up to 24 additional bounded Run taps (48 total)
2026-09-25T21:59:35.992+01:00 PARTY LIVE ORDER D25: source=RUNTIME_POINTER_CHAIN species=[120, 252, 283, 265, 261, 263]
2026-09-25T21:59:35.994+01:00 TIMING #64: field->encounter 11.839s • battle+return 18.641s • cycle 30.480s
2026-09-25T21:59:35.995+01:00 HF97 PHASE #64: boundary_wait 2.767s • pre_run_processing 0.491s • run_to_core_field 13.495s • postcore_field_authority 1.880s • accepted_run_attempt 26
2026-09-25T21:59:36.000+01:00 PASS #64: Horde x5 • Run tap 26 -> Route 102 grid [181, 130]
2026-09-25T21:59:36.071+01:00 AUTO SWEET SCENT RE-ARM: waiting 1.00 s after prior Horde field return before touchscreen route
2026-09-25T21:59:37.156+01:00 AUTO SWEET SCENT RE-ARM: PASS — battle inactive and anchor grid [181, 130] retained
2026-09-25T21:59:37.158+01:00 AUTO SWEET SCENT D25 TOUCH ROUTE: green Poké Ball (60,230) -> silver visible-slot-3 field icon (119, 119) -> Sweet Scent (170,104)
2026-09-25T21:59:37.439+01:00 AUTO SWEET SCENT TOUCH: GREEN_POKEBALL_PARTY xy=(60,230) touch_state=0x01F542FF completed=True
2026-09-25T21:59:39.474+01:00 AUTO SWEET SCENT TOUCH: SLOT3_SILVER_FIELD_ACTION xy=(119,119) touch_state=0x017EE5F2 completed=True
2026-09-25T21:59:40.501+01:00 AUTO SWEET SCENT TOUCH: SWEET_SCENT xy=(170,104) touch_state=0x016EE87F completed=True
2026-09-25T21:59:47.531+01:00 AUTO SWEET SCENT: battle active — Horde boundary acquired
2026-09-25T21:59:50.491+01:00 HORDE LEAD RAM REFRESH: Staryu moves=[55, 145, 129, 61] PP=[16, 30, 20, 15] source=RUNTIME_POINTER_CHAIN
2026-09-25T21:59:50.493+01:00 PARTY LIVE ORDER: battle pointer table -> species [120, 252, 283, 261, 263, 265] order [0, 1, 2, 4, 5, 3]
2026-09-25T21:59:50.540+01:00 #65 HORDE x5 [AUTO SWEET SCENT]: Zigzagoon, Zigzagoon, Zigzagoon, Zigzagoon, Zigzagoon
2026-09-25T21:59:50.541+01:00   slot0 Zigzagoon PID 0x31FBAFE3 XOR 24001 shiny=False
2026-09-25T21:59:50.542+01:00   slot1 Zigzagoon PID 0x31E60702 XOR 62781 shiny=False
2026-09-25T21:59:50.543+01:00   slot2 Zigzagoon PID 0xE971FD8F XOR 55079 shiny=False
2026-09-25T21:59:50.543+01:00   slot3 Zigzagoon PID 0x14E9ADFC XOR 31436 shiny=False
2026-09-25T21:59:50.544+01:00   slot4 Zigzagoon PID 0x6E1DD88C XOR 30024 shiny=False
2026-09-25T21:59:50.659+01:00 HORDE AUTHORITY COMMITTED: +5 Pokémon seen before escape
2026-09-25T22:00:03.503+01:00 RUN RECOVERY EXTENSION: battle still active after 24 causal Run taps; allowing up to 24 additional bounded Run taps (48 total)
2026-09-25T22:00:05.701+01:00 PARTY LIVE ORDER D25: source=RUNTIME_POINTER_CHAIN species=[120, 252, 283, 265, 261, 263]
2026-09-25T22:00:05.704+01:00 TIMING #65: field->encounter 11.531s • battle+return 18.171s • cycle 29.702s
2026-09-25T22:00:05.707+01:00 HF97 PHASE #65: boundary_wait 2.733s • pre_run_processing 0.387s • run_to_core_field 13.155s • postcore_field_authority 1.889s • accepted_run_attempt 25
2026-09-25T22:00:05.713+01:00 PASS #65: Horde x5 • Run tap 25 -> Route 102 grid [181, 130]
2026-09-25T22:00:05.805+01:00 AUTO SWEET SCENT RE-ARM: waiting 1.00 s after prior Horde field return before touchscreen route
2026-09-25T22:00:06.866+01:00 AUTO SWEET SCENT RE-ARM: PASS — battle inactive and anchor grid [181, 130] retained
2026-09-25T22:00:06.870+01:00 AUTO SWEET SCENT D25 TOUCH ROUTE: green Poké Ball (60,230) -> silver visible-slot-3 field icon (119, 119) -> Sweet Scent (170,104)
2026-09-25T22:00:07.147+01:00 AUTO SWEET SCENT TOUCH: GREEN_POKEBALL_PARTY xy=(60,230) touch_state=0x01F542FF completed=True
2026-09-25T22:00:09.167+01:00 AUTO SWEET SCENT TOUCH: SLOT3_SILVER_FIELD_ACTION xy=(119,119) touch_state=0x017EE5F2 completed=True
2026-09-25T22:00:10.190+01:00 AUTO SWEET SCENT TOUCH: SWEET_SCENT xy=(170,104) touch_state=0x016EE87F completed=True
2026-09-25T22:00:17.231+01:00 AUTO SWEET SCENT: battle active — Horde boundary acquired
2026-09-25T22:00:20.136+01:00 HORDE LEAD RAM REFRESH: Staryu moves=[55, 145, 129, 61] PP=[16, 30, 20, 15] source=RUNTIME_POINTER_CHAIN
2026-09-25T22:00:20.137+01:00 PARTY LIVE ORDER: battle pointer table -> species [120, 252, 283, 261, 263, 265] order [0, 1, 2, 4, 5, 3]
2026-09-25T22:00:20.190+01:00 #66 HORDE x5 [AUTO SWEET SCENT]: Seedot, Seedot, Seedot, Seedot, Seedot
2026-09-25T22:00:20.191+01:00   slot0 Seedot PID 0x9334B5BE XOR 58707 shiny=False
2026-09-25T22:00:20.192+01:00   slot1 Seedot PID 0xE6162AC4 XOR 3851 shiny=False
2026-09-25T22:00:20.193+01:00   slot2 Seedot PID 0x88301FCF XOR 21542 shiny=False
2026-09-25T22:00:20.194+01:00   slot3 Seedot PID 0x43924AC3 XOR 51848 shiny=False
2026-09-25T22:00:20.195+01:00   slot4 Seedot PID 0x08096520 XOR 44784 shiny=False
2026-09-25T22:00:20.307+01:00 HORDE AUTHORITY COMMITTED: +5 Pokémon seen before escape
2026-09-25T22:00:33.000+01:00 RUN RECOVERY EXTENSION: battle still active after 24 causal Run taps; allowing up to 24 additional bounded Run taps (48 total)
2026-09-25T22:00:34.673+01:00 PARTY LIVE ORDER D25: source=RUNTIME_POINTER_CHAIN species=[120, 252, 283, 265, 261, 263]
2026-09-25T22:00:34.674+01:00 TIMING #66: field->encounter 11.517s • battle+return 17.442s • cycle 28.960s
2026-09-25T22:00:34.676+01:00 HF97 PHASE #66: boundary_wait 2.690s • pre_run_processing 0.379s • run_to_core_field 12.788s • postcore_field_authority 1.578s • accepted_run_attempt None
2026-09-25T22:00:34.685+01:00 PASS #66: Horde x5 • Run tap None -> Route 102 grid [181, 130]
2026-09-25T22:00:34.749+01:00 AUTO SWEET SCENT RE-ARM: waiting 1.00 s after prior Horde field return before touchscreen route
2026-09-25T22:00:35.807+01:00 AUTO SWEET SCENT RE-ARM: PASS — battle inactive and anchor grid [181, 130] retained
2026-09-25T22:00:35.809+01:00 AUTO SWEET SCENT D25 TOUCH ROUTE: green Poké Ball (60,230) -> silver visible-slot-3 field icon (119, 119) -> Sweet Scent (170,104)
2026-09-25T22:00:36.079+01:00 AUTO SWEET SCENT TOUCH: GREEN_POKEBALL_PARTY xy=(60,230) touch_state=0x01F542FF completed=True
2026-09-25T22:00:38.105+01:00 AUTO SWEET SCENT TOUCH: SLOT3_SILVER_FIELD_ACTION xy=(119,119) touch_state=0x017EE5F2 completed=True
2026-09-25T22:00:39.130+01:00 AUTO SWEET SCENT TOUCH: SWEET_SCENT xy=(170,104) touch_state=0x016EE87F completed=True
2026-09-25T22:00:46.163+01:00 AUTO SWEET SCENT: battle active — Horde boundary acquired
2026-09-25T22:00:49.162+01:00 HORDE LEAD RAM REFRESH: Staryu moves=[55, 145, 129, 61] PP=[16, 30, 20, 15] source=RUNTIME_POINTER_CHAIN
2026-09-25T22:00:49.163+01:00 PARTY LIVE ORDER: battle pointer table -> species [120, 252, 283, 261, 263, 265] order [0, 1, 2, 4, 5, 3]
2026-09-25T22:00:49.219+01:00 #67 HORDE x5 [AUTO SWEET SCENT]: Zigzagoon, Zigzagoon, Zigzagoon, Zigzagoon, Zigzagoon
2026-09-25T22:00:49.220+01:00   slot0 Zigzagoon PID 0xAE3D221C XOR 20472 shiny=False
2026-09-25T22:00:49.221+01:00   slot1 Zigzagoon PID 0x56F22BF5 XOR 48862 shiny=False
2026-09-25T22:00:49.221+01:00   slot2 Zigzagoon PID 0xACEA3921 XOR 22034 shiny=False
2026-09-25T22:00:49.224+01:00   slot3 Zigzagoon PID 0x4D0C6652 XOR 59527 shiny=False
2026-09-25T22:00:49.225+01:00   slot4 Zigzagoon PID 0xF1BF0A91 XOR 14583 shiny=False
2026-09-25T22:00:49.342+01:00 HORDE AUTHORITY COMMITTED: +5 Pokémon seen before escape
2026-09-25T22:01:02.081+01:00 RUN RECOVERY EXTENSION: battle still active after 24 causal Run taps; allowing up to 24 additional bounded Run taps (48 total)
2026-09-25T22:01:04.749+01:00 PARTY LIVE ORDER D25: source=RUNTIME_POINTER_CHAIN species=[120, 252, 283, 265, 261, 263]
2026-09-25T22:01:04.752+01:00 TIMING #67: field->encounter 11.478s • battle+return 18.588s • cycle 30.066s
2026-09-25T22:01:04.753+01:00 HF97 PHASE #67: boundary_wait 2.769s • pre_run_processing 0.400s • run_to_core_field 13.503s • postcore_field_authority 1.906s • accepted_run_attempt 26
2026-09-25T22:01:04.759+01:00 PASS #67: Horde x5 • Run tap 26 -> Route 102 grid [181, 130]
2026-09-25T22:01:04.845+01:00 AUTO SWEET SCENT RE-ARM: waiting 1.00 s after prior Horde field return before touchscreen route
2026-09-25T22:01:05.911+01:00 AUTO SWEET SCENT RE-ARM: PASS — battle inactive and anchor grid [181, 130] retained
2026-09-25T22:01:05.913+01:00 AUTO SWEET SCENT D25 TOUCH ROUTE: green Poké Ball (60,230) -> silver visible-slot-3 field icon (119, 119) -> Sweet Scent (170,104)
2026-09-25T22:01:06.190+01:00 AUTO SWEET SCENT TOUCH: GREEN_POKEBALL_PARTY xy=(60,230) touch_state=0x01F542FF completed=True
2026-09-25T22:01:08.218+01:00 AUTO SWEET SCENT TOUCH: SLOT3_SILVER_FIELD_ACTION xy=(119,119) touch_state=0x017EE5F2 completed=True
2026-09-25T22:01:09.248+01:00 AUTO SWEET SCENT TOUCH: SWEET_SCENT xy=(170,104) touch_state=0x016EE87F completed=True
2026-09-25T22:01:16.326+01:00 AUTO SWEET SCENT: battle active — Horde boundary acquired
2026-09-25T22:01:19.270+01:00 HORDE LEAD RAM REFRESH: Staryu moves=[55, 145, 129, 61] PP=[16, 30, 20, 15] source=RUNTIME_POINTER_CHAIN
2026-09-25T22:01:19.272+01:00 PARTY LIVE ORDER: battle pointer table -> species [120, 252, 283, 261, 263, 265] order [0, 1, 2, 4, 5, 3]
2026-09-25T22:01:19.335+01:00 #68 HORDE x5 [AUTO SWEET SCENT]: Zigzagoon, Zigzagoon, Zigzagoon, Zigzagoon, Zigzagoon
2026-09-25T22:01:19.336+01:00   slot0 Zigzagoon PID 0x33B042FB XOR 45714 shiny=False
2026-09-25T22:01:19.337+01:00   slot1 Zigzagoon PID 0x664BDA23 XOR 32689 shiny=False
2026-09-25T22:01:19.339+01:00   slot2 Zigzagoon PID 0xFC3DAAF3 XOR 38167 shiny=False
2026-09-25T22:01:19.340+01:00   slot3 Zigzagoon PID 0x489ABCC8 XOR 14219 shiny=False
2026-09-25T22:01:19.341+01:00   slot4 Zigzagoon PID 0xCFE6254F XOR 10608 shiny=False
2026-09-25T22:01:19.456+01:00 HORDE AUTHORITY COMMITTED: +5 Pokémon seen before escape
2026-09-25T22:01:32.244+01:00 RUN RECOVERY EXTENSION: battle still active after 24 causal Run taps; allowing up to 24 additional bounded Run taps (48 total)
2026-09-25T22:01:34.444+01:00 PARTY LIVE ORDER D25: source=RUNTIME_POINTER_CHAIN species=[120, 252, 283, 265, 261, 263]
2026-09-25T22:01:34.445+01:00 TIMING #68: field->encounter 11.566s • battle+return 18.119s • cycle 29.685s
2026-09-25T22:01:34.446+01:00 HF97 PHASE #68: boundary_wait 2.711s • pre_run_processing 0.411s • run_to_core_field 13.059s • postcore_field_authority 1.930s • accepted_run_attempt 25
2026-09-25T22:01:34.453+01:00 PASS #68: Horde x5 • Run tap 25 -> Route 102 grid [181, 130]
2026-09-25T22:01:34.537+01:00 AUTO SWEET SCENT RE-ARM: waiting 1.00 s after prior Horde field return before touchscreen route
2026-09-25T22:01:35.592+01:00 AUTO SWEET SCENT RE-ARM: PASS — battle inactive and anchor grid [181, 130] retained
2026-09-25T22:01:35.594+01:00 AUTO SWEET SCENT D25 TOUCH ROUTE: green Poké Ball (60,230) -> silver visible-slot-3 field icon (119, 119) -> Sweet Scent (170,104)
2026-09-25T22:01:35.883+01:00 AUTO SWEET SCENT TOUCH: GREEN_POKEBALL_PARTY xy=(60,230) touch_state=0x01F542FF completed=True
2026-09-25T22:01:37.922+01:00 AUTO SWEET SCENT TOUCH: SLOT3_SILVER_FIELD_ACTION xy=(119,119) touch_state=0x017EE5F2 completed=True
2026-09-25T22:01:38.952+01:00 AUTO SWEET SCENT TOUCH: SWEET_SCENT xy=(170,104) touch_state=0x016EE87F completed=True
2026-09-25T22:01:46.153+01:00 AUTO SWEET SCENT: battle active — Horde boundary acquired
2026-09-25T22:01:49.025+01:00 HORDE LEAD RAM REFRESH: Staryu moves=[55, 145, 129, 61] PP=[16, 30, 20, 15] source=RUNTIME_POINTER_CHAIN
2026-09-25T22:01:49.027+01:00 PARTY LIVE ORDER: battle pointer table -> species [120, 252, 283, 261, 263, 265] order [0, 1, 2, 4, 5, 3]
2026-09-25T22:01:49.078+01:00 #69 HORDE x5 [AUTO SWEET SCENT]: Zigzagoon, Zigzagoon, Zigzagoon, Zigzagoon, Zigzagoon
2026-09-25T22:01:49.080+01:00   slot0 Zigzagoon PID 0x49FDAB42 XOR 8550 shiny=False
2026-09-25T22:01:49.081+01:00   slot1 Zigzagoon PID 0xCF307328 XOR 32705 shiny=False
2026-09-25T22:01:49.081+01:00   slot2 Zigzagoon PID 0x85AD3B49 XOR 32061 shiny=False
2026-09-25T22:01:49.082+01:00   slot3 Zigzagoon PID 0xC3B1A77B XOR 42771 shiny=False
2026-09-25T22:01:49.083+01:00   slot4 Zigzagoon PID 0xF65D61FE XOR 21626 shiny=False
2026-09-25T22:01:49.197+01:00 HORDE AUTHORITY COMMITTED: +5 Pokémon seen before escape
2026-09-25T22:02:01.877+01:00 RUN RECOVERY EXTENSION: battle still active after 24 causal Run taps; allowing up to 24 additional bounded Run taps (48 total)
2026-09-25T22:02:04.553+01:00 PARTY LIVE ORDER D25: source=RUNTIME_POINTER_CHAIN species=[120, 252, 283, 265, 261, 263]
2026-09-25T22:02:04.558+01:00 TIMING #69: field->encounter 11.699s • battle+return 18.404s • cycle 30.103s
2026-09-25T22:02:04.559+01:00 HF97 PHASE #69: boundary_wait 2.652s • pre_run_processing 0.384s • run_to_core_field 13.475s • postcore_field_authority 1.884s • accepted_run_attempt 26
2026-09-25T22:02:04.566+01:00 PASS #69: Horde x5 • Run tap 26 -> Route 102 grid [181, 130]
2026-09-25T22:02:04.644+01:00 AUTO SWEET SCENT RE-ARM: waiting 1.00 s after prior Horde field return before touchscreen route
2026-09-25T22:02:05.703+01:00 AUTO SWEET SCENT RE-ARM: PASS — battle inactive and anchor grid [181, 130] retained
2026-09-25T22:02:05.705+01:00 AUTO SWEET SCENT D25 TOUCH ROUTE: green Poké Ball (60,230) -> silver visible-slot-3 field icon (119, 119) -> Sweet Scent (170,104)
2026-09-25T22:02:05.989+01:00 AUTO SWEET SCENT TOUCH: GREEN_POKEBALL_PARTY xy=(60,230) touch_state=0x01F542FF completed=True
2026-09-25T22:02:08.017+01:00 AUTO SWEET SCENT TOUCH: SLOT3_SILVER_FIELD_ACTION xy=(119,119) touch_state=0x017EE5F2 completed=True
2026-09-25T22:02:09.038+01:00 AUTO SWEET SCENT TOUCH: SWEET_SCENT xy=(170,104) touch_state=0x016EE87F completed=True
2026-09-25T22:02:16.071+01:00 AUTO SWEET SCENT: battle active — Horde boundary acquired
2026-09-25T22:02:19.041+01:00 HORDE LEAD RAM REFRESH: Staryu moves=[55, 145, 129, 61] PP=[16, 30, 20, 15] source=RUNTIME_POINTER_CHAIN
2026-09-25T22:02:19.042+01:00 PARTY LIVE ORDER: battle pointer table -> species [120, 252, 283, 261, 263, 265] order [0, 1, 2, 4, 5, 3]
2026-09-25T22:02:19.115+01:00 #70 HORDE x5 [AUTO SWEET SCENT]: Seedot, Seedot, Seedot, Seedot, Seedot
2026-09-25T22:02:19.116+01:00   slot0 Seedot PID 0x315A2403 XOR 54912 shiny=False
2026-09-25T22:02:19.117+01:00   slot1 Seedot PID 0xE7BD769B XOR 21247 shiny=False
2026-09-25T22:02:19.118+01:00   slot2 Seedot PID 0xEA77F917 XOR 53433 shiny=False
2026-09-25T22:02:19.120+01:00   slot3 Seedot PID 0x29487B46 XOR 37335 shiny=False
2026-09-25T22:02:19.122+01:00   slot4 Seedot PID 0xB5D04853 XOR 15962 shiny=False
2026-09-25T22:02:19.233+01:00 HORDE AUTHORITY COMMITTED: +5 Pokémon seen before escape
2026-09-25T22:02:33.125+01:00 PARTY LIVE ORDER D25: source=RUNTIME_POINTER_CHAIN species=[120, 252, 283, 265, 261, 263]
2026-09-25T22:02:33.135+01:00 TIMING #70: field->encounter 11.505s • battle+return 17.062s • cycle 28.567s
2026-09-25T22:02:33.136+01:00 HF97 PHASE #70: boundary_wait 2.717s • pre_run_processing 0.435s • run_to_core_field 11.999s • postcore_field_authority 1.901s • accepted_run_attempt 24
2026-09-25T22:02:33.142+01:00 PASS #70: Horde x5 • Run tap 24 -> Route 102 grid [181, 130]
2026-09-25T22:02:33.213+01:00 AUTO SWEET SCENT RE-ARM: waiting 1.00 s after prior Horde field return before touchscreen route
2026-09-25T22:02:34.275+01:00 AUTO SWEET SCENT RE-ARM: PASS — battle inactive and anchor grid [181, 130] retained
2026-09-25T22:02:34.277+01:00 AUTO SWEET SCENT D25 TOUCH ROUTE: green Poké Ball (60,230) -> silver visible-slot-3 field icon (119, 119) -> Sweet Scent (170,104)
2026-09-25T22:02:34.565+01:00 AUTO SWEET SCENT TOUCH: GREEN_POKEBALL_PARTY xy=(60,230) touch_state=0x01F542FF completed=True
2026-09-25T22:02:36.594+01:00 AUTO SWEET SCENT TOUCH: SLOT3_SILVER_FIELD_ACTION xy=(119,119) touch_state=0x017EE5F2 completed=True
2026-09-25T22:02:37.620+01:00 AUTO SWEET SCENT TOUCH: SWEET_SCENT xy=(170,104) touch_state=0x016EE87F completed=True
2026-09-25T22:02:44.662+01:00 AUTO SWEET SCENT: battle active — Horde boundary acquired
2026-09-25T22:02:47.626+01:00 HORDE LEAD RAM REFRESH: Staryu moves=[55, 145, 129, 61] PP=[16, 30, 20, 15] source=RUNTIME_POINTER_CHAIN
2026-09-25T22:02:47.628+01:00 PARTY LIVE ORDER: battle pointer table -> species [120, 252, 283, 261, 263, 265] order [0, 1, 2, 4, 5, 3]
2026-09-25T22:02:47.690+01:00 #71 HORDE x5 [AUTO SWEET SCENT]: Zigzagoon, Zigzagoon, Zigzagoon, Zigzagoon, Zigzagoon
2026-09-25T22:02:47.692+01:00   slot0 Zigzagoon PID 0x63895243 XOR 61971 shiny=False
2026-09-25T22:02:47.693+01:00   slot1 Zigzagoon PID 0x2C5459AA XOR 46631 shiny=False
2026-09-25T22:02:47.694+01:00   slot2 Zigzagoon PID 0xB7AB1A5C XOR 28206 shiny=False
2026-09-25T22:02:47.694+01:00   slot3 Zigzagoon PID 0x27AD86BE XOR 25290 shiny=False
2026-09-25T22:02:47.695+01:00   slot4 Zigzagoon PID 0xABD9EA0F XOR 33295 shiny=False
2026-09-25T22:02:47.809+01:00 HORDE AUTHORITY COMMITTED: +5 Pokémon seen before escape
2026-09-25T22:03:00.610+01:00 RUN RECOVERY EXTENSION: battle still active after 24 causal Run taps; allowing up to 24 additional bounded Run taps (48 total)
2026-09-25T22:03:02.749+01:00 PARTY LIVE ORDER D25: source=RUNTIME_POINTER_CHAIN species=[120, 252, 283, 265, 261, 263]
2026-09-25T22:03:02.753+01:00 TIMING #71: field->encounter 11.521s • battle+return 18.090s • cycle 29.610s
2026-09-25T22:03:02.754+01:00 HF97 PHASE #71: boundary_wait 2.735s • pre_run_processing 0.405s • run_to_core_field 13.062s • postcore_field_authority 1.881s • accepted_run_attempt 25
2026-09-25T22:03:02.760+01:00 PASS #71: Horde x5 • Run tap 25 -> Route 102 grid [181, 130]
2026-09-25T22:03:02.836+01:00 AUTO SWEET SCENT RE-ARM: waiting 1.00 s after prior Horde field return before touchscreen route
2026-09-25T22:03:03.896+01:00 AUTO SWEET SCENT RE-ARM: PASS — battle inactive and anchor grid [181, 130] retained
2026-09-25T22:03:03.899+01:00 AUTO SWEET SCENT D25 TOUCH ROUTE: green Poké Ball (60,230) -> silver visible-slot-3 field icon (119, 119) -> Sweet Scent (170,104)
2026-09-25T22:03:04.178+01:00 AUTO SWEET SCENT TOUCH: GREEN_POKEBALL_PARTY xy=(60,230) touch_state=0x01F542FF completed=True
2026-09-25T22:03:06.229+01:00 AUTO SWEET SCENT TOUCH: SLOT3_SILVER_FIELD_ACTION xy=(119,119) touch_state=0x017EE5F2 completed=True
2026-09-25T22:03:07.285+01:00 AUTO SWEET SCENT TOUCH: SWEET_SCENT xy=(170,104) touch_state=0x016EE87F completed=True
2026-09-25T22:03:14.343+01:00 AUTO SWEET SCENT: battle active — Horde boundary acquired
2026-09-25T22:03:17.188+01:00 HORDE LEAD RAM REFRESH: Staryu moves=[55, 145, 129, 61] PP=[16, 30, 20, 15] source=RUNTIME_POINTER_CHAIN
2026-09-25T22:03:17.189+01:00 PARTY LIVE ORDER: battle pointer table -> species [120, 252, 283, 261, 263, 265] order [0, 1, 2, 4, 5, 3]
2026-09-25T22:03:17.243+01:00 #72 HORDE x5 [AUTO SWEET SCENT]: Seedot, Seedot, Seedot, Seedot, Seedot
2026-09-25T22:03:17.244+01:00   slot0 Seedot PID 0x0CA94715 XOR 34917 shiny=False
2026-09-25T22:03:17.247+01:00   slot1 Seedot PID 0xB14FF519 XOR 34703 shiny=False
2026-09-25T22:03:17.248+01:00   slot2 Seedot PID 0xDC9494FB XOR 35766 shiny=False
2026-09-25T22:03:17.249+01:00   slot3 Seedot PID 0x54CCAEA8 XOR 14781 shiny=False
2026-09-25T22:03:17.249+01:00   slot4 Seedot PID 0x161E202E XOR 62953 shiny=False
2026-09-25T22:03:17.358+01:00 HORDE AUTHORITY COMMITTED: +5 Pokémon seen before escape
2026-09-25T22:03:30.077+01:00 RUN RECOVERY EXTENSION: battle still active after 24 causal Run taps; allowing up to 24 additional bounded Run taps (48 total)
2026-09-25T22:03:31.723+01:00 PARTY LIVE ORDER D25: source=RUNTIME_POINTER_CHAIN species=[120, 252, 283, 265, 261, 263]
2026-09-25T22:03:31.725+01:00 TIMING #72: field->encounter 11.583s • battle+return 17.381s • cycle 28.964s
2026-09-25T22:03:31.726+01:00 HF97 PHASE #72: boundary_wait 2.623s • pre_run_processing 0.385s • run_to_core_field 12.809s • postcore_field_authority 1.556s • accepted_run_attempt None
2026-09-25T22:03:31.733+01:00 PASS #72: Horde x5 • Run tap None -> Route 102 grid [181, 130]
2026-09-25T22:03:31.817+01:00 AUTO SWEET SCENT RE-ARM: waiting 1.00 s after prior Horde field return before touchscreen route
2026-09-25T22:03:32.873+01:00 AUTO SWEET SCENT RE-ARM: PASS — battle inactive and anchor grid [181, 130] retained
2026-09-25T22:03:32.877+01:00 AUTO SWEET SCENT D25 TOUCH ROUTE: green Poké Ball (60,230) -> silver visible-slot-3 field icon (119, 119) -> Sweet Scent (170,104)
2026-09-25T22:03:33.152+01:00 AUTO SWEET SCENT TOUCH: GREEN_POKEBALL_PARTY xy=(60,230) touch_state=0x01F542FF completed=True
2026-09-25T22:03:35.178+01:00 AUTO SWEET SCENT TOUCH: SLOT3_SILVER_FIELD_ACTION xy=(119,119) touch_state=0x017EE5F2 completed=True
2026-09-25T22:03:36.221+01:00 AUTO SWEET SCENT TOUCH: SWEET_SCENT xy=(170,104) touch_state=0x016EE87F completed=True
2026-09-25T22:03:43.268+01:00 AUTO SWEET SCENT: battle active — Horde boundary acquired
2026-09-25T22:03:46.303+01:00 HORDE LEAD RAM REFRESH: Staryu moves=[55, 145, 129, 61] PP=[16, 30, 20, 15] source=RUNTIME_POINTER_CHAIN
2026-09-25T22:03:46.306+01:00 PARTY LIVE ORDER: battle pointer table -> species [120, 252, 283, 261, 263, 265] order [0, 1, 2, 4, 5, 3]
2026-09-25T22:03:46.385+01:00 #73 HORDE x5 [AUTO SWEET SCENT]: Zigzagoon, Zigzagoon, Zigzagoon, Zigzagoon, Zigzagoon
2026-09-25T22:03:46.386+01:00   slot0 Zigzagoon PID 0x64710883 XOR 44843 shiny=False
2026-09-25T22:03:46.387+01:00   slot1 Zigzagoon PID 0x86D56582 XOR 8334 shiny=False
2026-09-25T22:03:46.388+01:00   slot2 Zigzagoon PID 0x2E8CE614 XOR 2881 shiny=False
2026-09-25T22:03:46.389+01:00   slot3 Zigzagoon PID 0x3D2A990D XOR 26622 shiny=False
2026-09-25T22:03:46.389+01:00   slot4 Zigzagoon PID 0x9A6B0906 XOR 20660 shiny=False
2026-09-25T22:03:46.504+01:00 HORDE AUTHORITY COMMITTED: +5 Pokémon seen before escape
2026-09-25T22:03:59.315+01:00 RUN RECOVERY EXTENSION: battle still active after 24 causal Run taps; allowing up to 24 additional bounded Run taps (48 total)
2026-09-25T22:04:00.978+01:00 PARTY LIVE ORDER D25: source=RUNTIME_POINTER_CHAIN species=[120, 252, 283, 265, 261, 263]
2026-09-25T22:04:00.981+01:00 TIMING #73: field->encounter 11.535s • battle+return 17.712s • cycle 29.247s
2026-09-25T22:04:00.982+01:00 HF97 PHASE #73: boundary_wait 2.711s • pre_run_processing 0.517s • run_to_core_field 12.903s • postcore_field_authority 1.573s • accepted_run_attempt None
2026-09-25T22:04:00.989+01:00 PASS #73: Horde x5 • Run tap None -> Route 102 grid [181, 130]
2026-09-25T22:04:01.078+01:00 AUTO SWEET SCENT RE-ARM: waiting 1.00 s after prior Horde field return before touchscreen route
2026-09-25T22:04:02.136+01:00 AUTO SWEET SCENT RE-ARM: PASS — battle inactive and anchor grid [181, 130] retained
2026-09-25T22:04:02.138+01:00 AUTO SWEET SCENT D25 TOUCH ROUTE: green Poké Ball (60,230) -> silver visible-slot-3 field icon (119, 119) -> Sweet Scent (170,104)
2026-09-25T22:04:02.409+01:00 AUTO SWEET SCENT TOUCH: GREEN_POKEBALL_PARTY xy=(60,230) touch_state=0x01F542FF completed=True
2026-09-25T22:04:04.439+01:00 AUTO SWEET SCENT TOUCH: SLOT3_SILVER_FIELD_ACTION xy=(119,119) touch_state=0x017EE5F2 completed=True
2026-09-25T22:04:05.463+01:00 AUTO SWEET SCENT TOUCH: SWEET_SCENT xy=(170,104) touch_state=0x016EE87F completed=True
2026-09-25T22:04:12.517+01:00 AUTO SWEET SCENT: battle active — Horde boundary acquired
2026-09-25T22:04:15.463+01:00 HORDE LEAD RAM REFRESH: Staryu moves=[55, 145, 129, 61] PP=[16, 30, 20, 15] source=RUNTIME_POINTER_CHAIN
2026-09-25T22:04:15.464+01:00 PARTY LIVE ORDER: battle pointer table -> species [120, 252, 283, 261, 263, 265] order [0, 1, 2, 4, 5, 3]
2026-09-25T22:04:15.527+01:00 #74 HORDE x5 [AUTO SWEET SCENT]: Ralts, Ralts, Ralts, Ralts, Ralts
2026-09-25T22:04:15.528+01:00   slot0 Ralts PID 0xC7A974D7 XOR 28839 shiny=False
2026-09-25T22:04:15.529+01:00   slot1 Ralts PID 0x8ADB4C51 XOR 1363 shiny=False
2026-09-25T22:04:15.530+01:00   slot2 Ralts PID 0x13CE636A XOR 45949 shiny=False
2026-09-25T22:04:15.531+01:00   slot3 Ralts PID 0x6E9557C6 XOR 64138 shiny=False
2026-09-25T22:04:15.531+01:00   slot4 Ralts PID 0xACE5840B XOR 60215 shiny=False
2026-09-25T22:04:15.641+01:00 HORDE AUTHORITY COMMITTED: +5 Pokémon seen before escape
2026-09-25T22:04:28.427+01:00 RUN RECOVERY EXTENSION: battle still active after 24 causal Run taps; allowing up to 24 additional bounded Run taps (48 total)
2026-09-25T22:04:40.820+01:00 PARTY LIVE ORDER D25: source=RUNTIME_POINTER_CHAIN species=[120, 252, 283, 265, 261, 263]
2026-09-25T22:04:40.823+01:00 TIMING #74: field->encounter 11.528s • battle+return 28.305s • cycle 39.833s
2026-09-25T22:04:40.824+01:00 HF97 PHASE #74: boundary_wait 2.713s • pre_run_processing 0.403s • run_to_core_field 23.289s • postcore_field_authority 1.892s • accepted_run_attempt 45
2026-09-25T22:04:40.830+01:00 PASS #74: Horde x5 • Run tap 45 -> Route 102 grid [181, 130]
2026-09-25T22:04:40.902+01:00 AUTO SWEET SCENT RE-ARM: waiting 1.00 s after prior Horde field return before touchscreen route
2026-09-25T22:04:41.977+01:00 AUTO SWEET SCENT RE-ARM: PASS — battle inactive and anchor grid [181, 130] retained
2026-09-25T22:04:41.979+01:00 AUTO SWEET SCENT D25 TOUCH ROUTE: green Poké Ball (60,230) -> silver visible-slot-3 field icon (119, 119) -> Sweet Scent (170,104)
2026-09-25T22:04:42.253+01:00 AUTO SWEET SCENT TOUCH: GREEN_POKEBALL_PARTY xy=(60,230) touch_state=0x01F542FF completed=True
2026-09-25T22:04:44.275+01:00 AUTO SWEET SCENT TOUCH: SLOT3_SILVER_FIELD_ACTION xy=(119,119) touch_state=0x017EE5F2 completed=True
2026-09-25T22:04:45.300+01:00 AUTO SWEET SCENT TOUCH: SWEET_SCENT xy=(170,104) touch_state=0x016EE87F completed=True
2026-09-25T22:04:52.345+01:00 AUTO SWEET SCENT: battle active — Horde boundary acquired
2026-09-25T22:04:55.354+01:00 HORDE LEAD RAM REFRESH: Staryu moves=[55, 145, 129, 61] PP=[16, 30, 20, 15] source=RUNTIME_POINTER_CHAIN
2026-09-25T22:04:55.355+01:00 PARTY LIVE ORDER: battle pointer table -> species [120, 252, 283, 261, 263, 265] order [0, 1, 2, 4, 5, 3]
2026-09-25T22:04:55.410+01:00 #75 HORDE x5 [AUTO SWEET SCENT]: Zigzagoon, Zigzagoon, Zigzagoon, Zigzagoon, Zigzagoon
2026-09-25T22:04:55.411+01:00   slot0 Zigzagoon PID 0x91149065 XOR 49832 shiny=False
2026-09-25T22:04:55.413+01:00   slot1 Zigzagoon PID 0x1CA138AB XOR 59347 shiny=False
2026-09-25T22:04:55.414+01:00   slot2 Zigzagoon PID 0x8EA1D4FB XOR 39299 shiny=False
2026-09-25T22:04:55.415+01:00   slot3 Zigzagoon PID 0xD5BA4473 XOR 21008 shiny=False
2026-09-25T22:04:55.416+01:00   slot4 Zigzagoon PID 0xC30583C0 XOR 33564 shiny=False
2026-09-25T22:04:55.533+01:00 HORDE AUTHORITY COMMITTED: +5 Pokémon seen before escape
2026-09-25T22:05:08.330+01:00 RUN RECOVERY EXTENSION: battle still active after 24 causal Run taps; allowing up to 24 additional bounded Run taps (48 total)
2026-09-25T22:05:10.985+01:00 PARTY LIVE ORDER D25: source=RUNTIME_POINTER_CHAIN species=[120, 252, 283, 265, 261, 263]
2026-09-25T22:05:10.986+01:00 TIMING #75: field->encounter 11.516s • battle+return 18.640s • cycle 30.155s
2026-09-25T22:05:10.988+01:00 HF97 PHASE #75: boundary_wait 2.786s • pre_run_processing 0.392s • run_to_core_field 13.599s • postcore_field_authority 1.853s • accepted_run_attempt 26
2026-09-25T22:05:10.996+01:00 PASS #75: Horde x5 • Run tap 26 -> Route 102 grid [181, 130]
2026-09-25T22:05:11.086+01:00 AUTO SWEET SCENT RE-ARM: waiting 1.00 s after prior Horde field return before touchscreen route
2026-09-25T22:05:12.163+01:00 AUTO SWEET SCENT RE-ARM: PASS — battle inactive and anchor grid [181, 130] retained
2026-09-25T22:05:12.165+01:00 AUTO SWEET SCENT D25 TOUCH ROUTE: green Poké Ball (60,230) -> silver visible-slot-3 field icon (119, 119) -> Sweet Scent (170,104)
2026-09-25T22:05:12.436+01:00 AUTO SWEET SCENT TOUCH: GREEN_POKEBALL_PARTY xy=(60,230) touch_state=0x01F542FF completed=True
2026-09-25T22:05:14.471+01:00 AUTO SWEET SCENT TOUCH: SLOT3_SILVER_FIELD_ACTION xy=(119,119) touch_state=0x017EE5F2 completed=True
2026-09-25T22:05:15.500+01:00 AUTO SWEET SCENT TOUCH: SWEET_SCENT xy=(170,104) touch_state=0x016EE87F completed=True
2026-09-25T22:05:22.530+01:00 AUTO SWEET SCENT: battle active — Horde boundary acquired
2026-09-25T22:05:25.526+01:00 HORDE LEAD RAM REFRESH: Staryu moves=[55, 145, 129, 61] PP=[16, 30, 20, 15] source=RUNTIME_POINTER_CHAIN
2026-09-25T22:05:25.528+01:00 PARTY LIVE ORDER: battle pointer table -> species [120, 252, 283, 261, 263, 265] order [0, 1, 2, 4, 5, 3]
2026-09-25T22:05:25.579+01:00 #76 HORDE x5 [AUTO SWEET SCENT]: Seedot, Seedot, Seedot, Seedot, Seedot
2026-09-25T22:05:25.580+01:00   slot0 Seedot PID 0x019909A5 XOR 52197 shiny=False
2026-09-25T22:05:25.581+01:00   slot1 Seedot PID 0xDB301D27 XOR 1486 shiny=False
2026-09-25T22:05:25.583+01:00   slot2 Seedot PID 0xA28EA561 XOR 50230 shiny=False
2026-09-25T22:05:25.585+01:00   slot3 Seedot PID 0x5FB56FD7 XOR 62395 shiny=False
2026-09-25T22:05:25.586+01:00   slot4 Seedot PID 0x6DC9175A XOR 47434 shiny=False
2026-09-25T22:05:25.697+01:00 HORDE AUTHORITY COMMITTED: +5 Pokémon seen before escape
2026-09-25T22:05:39.648+01:00 PARTY LIVE ORDER D25: source=RUNTIME_POINTER_CHAIN species=[120, 252, 283, 265, 261, 263]
2026-09-25T22:05:39.650+01:00 TIMING #76: field->encounter 11.534s • battle+return 17.119s • cycle 28.653s
2026-09-25T22:05:39.653+01:00 HF97 PHASE #76: boundary_wait 2.779s • pre_run_processing 0.379s • run_to_core_field 12.075s • postcore_field_authority 1.877s • accepted_run_attempt 24
2026-09-25T22:05:39.660+01:00 PASS #76: Horde x5 • Run tap 24 -> Route 102 grid [181, 130]
2026-09-25T22:05:39.737+01:00 AUTO SWEET SCENT RE-ARM: waiting 1.00 s after prior Horde field return before touchscreen route
2026-09-25T22:05:40.803+01:00 AUTO SWEET SCENT RE-ARM: PASS — battle inactive and anchor grid [181, 130] retained
2026-09-25T22:05:40.804+01:00 AUTO SWEET SCENT D25 TOUCH ROUTE: green Poké Ball (60,230) -> silver visible-slot-3 field icon (119, 119) -> Sweet Scent (170,104)
2026-09-25T22:05:41.078+01:00 AUTO SWEET SCENT TOUCH: GREEN_POKEBALL_PARTY xy=(60,230) touch_state=0x01F542FF completed=True
2026-09-25T22:05:43.103+01:00 AUTO SWEET SCENT TOUCH: SLOT3_SILVER_FIELD_ACTION xy=(119,119) touch_state=0x017EE5F2 completed=True
2026-09-25T22:05:44.125+01:00 AUTO SWEET SCENT TOUCH: SWEET_SCENT xy=(170,104) touch_state=0x016EE87F completed=True
2026-09-25T22:05:51.182+01:00 AUTO SWEET SCENT: battle active — Horde boundary acquired
2026-09-25T22:05:54.253+01:00 HORDE LEAD RAM REFRESH: Staryu moves=[55, 145, 129, 61] PP=[16, 30, 20, 15] source=RUNTIME_POINTER_CHAIN
2026-09-25T22:05:54.255+01:00 PARTY LIVE ORDER: battle pointer table -> species [120, 252, 283, 261, 263, 265] order [0, 1, 2, 4, 5, 3]
2026-09-25T22:05:54.321+01:00 #77 HORDE x5 [AUTO SWEET SCENT]: Seedot, Seedot, Seedot, Seedot, Seedot
2026-09-25T22:05:54.322+01:00   slot0 Seedot PID 0x9CB94CE5 XOR 4997 shiny=False
2026-09-25T22:05:54.323+01:00   slot1 Seedot PID 0x1B6B4758 XOR 40938 shiny=False
2026-09-25T22:05:54.324+01:00   slot2 Seedot PID 0x3ABEE4AD XOR 7626 shiny=False
2026-09-25T22:05:54.324+01:00   slot3 Seedot PID 0x8EBDDB24 XOR 38464 shiny=False
2026-09-25T22:05:54.325+01:00   slot4 Seedot PID 0x6650A72C XOR 677 shiny=False
2026-09-25T22:05:54.457+01:00 HORDE AUTHORITY COMMITTED: +5 Pokémon seen before escape
2026-09-25T22:06:08.327+01:00 PARTY LIVE ORDER D25: source=RUNTIME_POINTER_CHAIN species=[120, 252, 283, 265, 261, 263]
2026-09-25T22:06:08.329+01:00 TIMING #77: field->encounter 11.522s • battle+return 17.146s • cycle 28.668s
2026-09-25T22:06:08.332+01:00 HF97 PHASE #77: boundary_wait 2.840s • pre_run_processing 0.426s • run_to_core_field 11.975s • postcore_field_authority 1.895s • accepted_run_attempt 24
2026-09-25T22:06:08.338+01:00 PASS #77: Horde x5 • Run tap 24 -> Route 102 grid [181, 130]
2026-09-25T22:06:08.433+01:00 AUTO SWEET SCENT RE-ARM: waiting 1.00 s after prior Horde field return before touchscreen route
2026-09-25T22:06:09.495+01:00 AUTO SWEET SCENT RE-ARM: PASS — battle inactive and anchor grid [181, 130] retained
2026-09-25T22:06:09.498+01:00 AUTO SWEET SCENT D25 TOUCH ROUTE: green Poké Ball (60,230) -> silver visible-slot-3 field icon (119, 119) -> Sweet Scent (170,104)
2026-09-25T22:06:09.776+01:00 AUTO SWEET SCENT TOUCH: GREEN_POKEBALL_PARTY xy=(60,230) touch_state=0x01F542FF completed=True
2026-09-25T22:06:11.831+01:00 AUTO SWEET SCENT TOUCH: SLOT3_SILVER_FIELD_ACTION xy=(119,119) touch_state=0x017EE5F2 completed=True
2026-09-25T22:06:12.853+01:00 AUTO SWEET SCENT TOUCH: SWEET_SCENT xy=(170,104) touch_state=0x016EE87F completed=True
2026-09-25T22:06:19.903+01:00 AUTO SWEET SCENT: battle active — Horde boundary acquired
2026-09-25T22:06:22.797+01:00 HORDE LEAD RAM REFRESH: Staryu moves=[55, 145, 129, 61] PP=[16, 30, 20, 15] source=RUNTIME_POINTER_CHAIN
2026-09-25T22:06:22.799+01:00 PARTY LIVE ORDER: battle pointer table -> species [120, 252, 283, 261, 263, 265] order [0, 1, 2, 4, 5, 3]
2026-09-25T22:06:22.865+01:00 #78 HORDE x5 [AUTO SWEET SCENT]: Seedot, Seedot, Seedot, Seedot, Seedot
2026-09-25T22:06:22.866+01:00   slot0 Seedot PID 0xC142FE2C XOR 64695 shiny=False
2026-09-25T22:06:22.867+01:00   slot1 Seedot PID 0x59366637 XOR 64728 shiny=False
2026-09-25T22:06:22.868+01:00   slot2 Seedot PID 0xF3053620 XOR 1788 shiny=False
2026-09-25T22:06:22.868+01:00   slot3 Seedot PID 0x9B5B0861 XOR 20707 shiny=False
2026-09-25T22:06:22.869+01:00   slot4 Seedot PID 0xF0D69374 XOR 41083 shiny=False
2026-09-25T22:06:22.985+01:00 HORDE AUTHORITY COMMITTED: +5 Pokémon seen before escape
2026-09-25T22:06:35.675+01:00 RUN RECOVERY EXTENSION: battle still active after 24 causal Run taps; allowing up to 24 additional bounded Run taps (48 total)
2026-09-25T22:06:37.319+01:00 PARTY LIVE ORDER D25: source=RUNTIME_POINTER_CHAIN species=[120, 252, 283, 265, 261, 263]
2026-09-25T22:06:37.320+01:00 TIMING #78: field->encounter 11.566s • battle+return 17.416s • cycle 28.982s
2026-09-25T22:06:37.321+01:00 HF97 PHASE #78: boundary_wait 2.679s • pre_run_processing 0.395s • run_to_core_field 12.785s • postcore_field_authority 1.550s • accepted_run_attempt None
2026-09-25T22:06:37.329+01:00 PASS #78: Horde x5 • Run tap None -> Route 102 grid [181, 130]
2026-09-25T22:06:37.404+01:00 AUTO SWEET SCENT RE-ARM: waiting 1.00 s after prior Horde field return before touchscreen route
2026-09-25T22:06:38.458+01:00 AUTO SWEET SCENT RE-ARM: PASS — battle inactive and anchor grid [181, 130] retained
2026-09-25T22:06:38.462+01:00 AUTO SWEET SCENT D25 TOUCH ROUTE: green Poké Ball (60,230) -> silver visible-slot-3 field icon (119, 119) -> Sweet Scent (170,104)
2026-09-25T22:06:38.743+01:00 AUTO SWEET SCENT TOUCH: GREEN_POKEBALL_PARTY xy=(60,230) touch_state=0x01F542FF completed=True
2026-09-25T22:06:40.781+01:00 AUTO SWEET SCENT TOUCH: SLOT3_SILVER_FIELD_ACTION xy=(119,119) touch_state=0x017EE5F2 completed=True
2026-09-25T22:06:41.831+01:00 AUTO SWEET SCENT TOUCH: SWEET_SCENT xy=(170,104) touch_state=0x016EE87F completed=True
2026-09-25T22:06:48.899+01:00 AUTO SWEET SCENT: battle active — Horde boundary acquired
2026-09-25T22:06:51.808+01:00 HORDE LEAD RAM REFRESH: Staryu moves=[55, 145, 129, 61] PP=[16, 30, 20, 15] source=RUNTIME_POINTER_CHAIN
2026-09-25T22:06:51.809+01:00 PARTY LIVE ORDER: battle pointer table -> species [120, 252, 283, 261, 263, 265] order [0, 1, 2, 4, 5, 3]
2026-09-25T22:06:51.869+01:00 #79 HORDE x5 [AUTO SWEET SCENT]: Zigzagoon, Zigzagoon, Zigzagoon, Zigzagoon, Zigzagoon
2026-09-25T22:06:51.870+01:00   slot0 Zigzagoon PID 0x09918636 XOR 19582 shiny=False
2026-09-25T22:06:51.871+01:00   slot1 Zigzagoon PID 0xF8B6D81D XOR 58226 shiny=False
2026-09-25T22:06:51.872+01:00   slot2 Zigzagoon PID 0xC4985B19 XOR 23640 shiny=False
2026-09-25T22:06:51.873+01:00   slot3 Zigzagoon PID 0x04BC5143 XOR 38438 shiny=False
2026-09-25T22:06:51.873+01:00   slot4 Zigzagoon PID 0x721B138E XOR 41548 shiny=False
2026-09-25T22:06:52.002+01:00 HORDE AUTHORITY COMMITTED: +5 Pokémon seen before escape
2026-09-25T22:07:04.752+01:00 RUN RECOVERY EXTENSION: battle still active after 24 causal Run taps; allowing up to 24 additional bounded Run taps (48 total)
2026-09-25T22:07:07.400+01:00 PARTY LIVE ORDER D25: source=RUNTIME_POINTER_CHAIN species=[120, 252, 283, 265, 261, 263]
2026-09-25T22:07:07.402+01:00 TIMING #79: field->encounter 11.570s • battle+return 18.503s • cycle 30.072s
2026-09-25T22:07:07.404+01:00 HF97 PHASE #79: boundary_wait 2.678s • pre_run_processing 0.418s • run_to_core_field 13.506s • postcore_field_authority 1.893s • accepted_run_attempt 26
2026-09-25T22:07:07.411+01:00 PASS #79: Horde x5 • Run tap 26 -> Route 102 grid [181, 130]
2026-09-25T22:07:07.490+01:00 AUTO SWEET SCENT RE-ARM: waiting 1.00 s after prior Horde field return before touchscreen route
2026-09-25T22:07:08.551+01:00 AUTO SWEET SCENT RE-ARM: PASS — battle inactive and anchor grid [181, 130] retained
2026-09-25T22:07:08.552+01:00 AUTO SWEET SCENT D25 TOUCH ROUTE: green Poké Ball (60,230) -> silver visible-slot-3 field icon (119, 119) -> Sweet Scent (170,104)
2026-09-25T22:07:08.835+01:00 AUTO SWEET SCENT TOUCH: GREEN_POKEBALL_PARTY xy=(60,230) touch_state=0x01F542FF completed=True
2026-09-25T22:07:10.861+01:00 AUTO SWEET SCENT TOUCH: SLOT3_SILVER_FIELD_ACTION xy=(119,119) touch_state=0x017EE5F2 completed=True
2026-09-25T22:07:11.887+01:00 AUTO SWEET SCENT TOUCH: SWEET_SCENT xy=(170,104) touch_state=0x016EE87F completed=True
2026-09-25T22:07:18.909+01:00 AUTO SWEET SCENT: battle active — Horde boundary acquired
2026-09-25T22:07:21.851+01:00 HORDE LEAD RAM REFRESH: Staryu moves=[55, 145, 129, 61] PP=[16, 30, 20, 15] source=RUNTIME_POINTER_CHAIN
2026-09-25T22:07:21.853+01:00 PARTY LIVE ORDER: battle pointer table -> species [120, 252, 283, 261, 263, 265] order [0, 1, 2, 4, 5, 3]
2026-09-25T22:07:21.910+01:00 #80 HORDE x5 [AUTO SWEET SCENT]: Zigzagoon, Zigzagoon, Zigzagoon, Zigzagoon, Zigzagoon
2026-09-25T22:07:21.911+01:00   slot0 Zigzagoon PID 0xF4FA21CA XOR 5865 shiny=False
2026-09-25T22:07:21.912+01:00   slot1 Zigzagoon PID 0xFD29C834 XOR 63172 shiny=False
2026-09-25T22:07:21.913+01:00   slot2 Zigzagoon PID 0x4C4B1F5E XOR 37068 shiny=False
2026-09-25T22:07:21.914+01:00   slot3 Zigzagoon PID 0x12B308DA XOR 55728 shiny=False
2026-09-25T22:07:21.915+01:00   slot4 Zigzagoon PID 0xA9576016 XOR 2712 shiny=False
2026-09-25T22:07:22.028+01:00 HORDE AUTHORITY COMMITTED: +5 Pokémon seen before escape
2026-09-25T22:07:35.198+01:00 RUN RECOVERY EXTENSION: battle still active after 24 causal Run taps; allowing up to 24 additional bounded Run taps (48 total)
2026-09-25T22:07:37.441+01:00 PARTY LIVE ORDER D25: source=RUNTIME_POINTER_CHAIN species=[120, 252, 283, 265, 261, 263]
2026-09-25T22:07:37.446+01:00 TIMING #80: field->encounter 11.497s • battle+return 18.535s • cycle 30.032s
2026-09-25T22:07:37.447+01:00 HF97 PHASE #80: boundary_wait 2.710s • pre_run_processing 0.399s • run_to_core_field 13.443s • postcore_field_authority 1.973s • accepted_run_attempt 25
2026-09-25T22:07:37.459+01:00 PASS #80: Horde x5 • Run tap 25 -> Route 102 grid [181, 130]
2026-09-25T22:07:37.540+01:00 AUTO SWEET SCENT RE-ARM: waiting 1.00 s after prior Horde field return before touchscreen route
2026-09-25T22:07:38.605+01:00 AUTO SWEET SCENT RE-ARM: PASS — battle inactive and anchor grid [181, 130] retained
2026-09-25T22:07:38.608+01:00 AUTO SWEET SCENT D25 TOUCH ROUTE: green Poké Ball (60,230) -> silver visible-slot-3 field icon (119, 119) -> Sweet Scent (170,104)
2026-09-25T22:07:38.885+01:00 AUTO SWEET SCENT TOUCH: GREEN_POKEBALL_PARTY xy=(60,230) touch_state=0x01F542FF completed=True
2026-09-25T22:07:40.921+01:00 AUTO SWEET SCENT TOUCH: SLOT3_SILVER_FIELD_ACTION xy=(119,119) touch_state=0x017EE5F2 completed=True
2026-09-25T22:07:41.957+01:00 AUTO SWEET SCENT TOUCH: SWEET_SCENT xy=(170,104) touch_state=0x016EE87F completed=True
2026-09-25T22:07:49.028+01:00 AUTO SWEET SCENT: battle active — Horde boundary acquired
2026-09-25T22:07:52.035+01:00 HORDE LEAD RAM REFRESH: Staryu moves=[55, 145, 129, 61] PP=[16, 30, 20, 15] source=RUNTIME_POINTER_CHAIN
2026-09-25T22:07:52.070+01:00 PARTY LIVE ORDER: battle pointer table -> species [120, 252, 283, 261, 263, 265] order [0, 1, 2, 4, 5, 3]
2026-09-25T22:07:52.136+01:00 #81 HORDE x5 [AUTO SWEET SCENT]: Zigzagoon, Zigzagoon, Zigzagoon, Zigzagoon, Zigzagoon
2026-09-25T22:07:52.137+01:00   slot0 Zigzagoon PID 0xAA695FD3 XOR 13923 shiny=False
2026-09-25T22:07:52.138+01:00   slot1 Zigzagoon PID 0x54CCA2F8 XOR 13805 shiny=False
2026-09-25T22:07:52.144+01:00   slot2 Zigzagoon PID 0x7FF920F2 XOR 40146 shiny=False
2026-09-25T22:07:52.145+01:00   slot3 Zigzagoon PID 0x386CE467 XOR 8146 shiny=False
2026-09-25T22:07:52.154+01:00   slot4 Zigzagoon PID 0x44063C83 XOR 47964 shiny=False
2026-09-25T22:07:52.582+01:00 HORDE AUTHORITY COMMITTED: +5 Pokémon seen before escape
2026-09-25T22:08:05.648+01:00 RUN RECOVERY EXTENSION: battle still active after 24 causal Run taps; allowing up to 24 additional bounded Run taps (48 total)
2026-09-25T22:08:07.333+01:00 PARTY LIVE ORDER D25: source=RUNTIME_POINTER_CHAIN species=[120, 252, 283, 265, 261, 263]
2026-09-25T22:08:07.336+01:00 TIMING #81: field->encounter 11.569s • battle+return 18.307s • cycle 29.876s
2026-09-25T22:08:07.337+01:00 HF97 PHASE #81: boundary_wait 2.715s • pre_run_processing 0.833s • run_to_core_field 13.163s • postcore_field_authority 1.586s • accepted_run_attempt None
2026-09-25T22:08:07.352+01:00 PASS #81: Horde x5 • Run tap None -> Route 102 grid [181, 130]
2026-09-25T22:08:07.426+01:00 AUTO SWEET SCENT RE-ARM: waiting 1.00 s after prior Horde field return before touchscreen route
2026-09-25T22:08:08.484+01:00 AUTO SWEET SCENT RE-ARM: PASS — battle inactive and anchor grid [181, 130] retained
2026-09-25T22:08:08.523+01:00 AUTO SWEET SCENT D25 TOUCH ROUTE: green Poké Ball (60,230) -> silver visible-slot-3 field icon (119, 119) -> Sweet Scent (170,104)
2026-09-25T22:08:08.814+01:00 AUTO SWEET SCENT TOUCH: GREEN_POKEBALL_PARTY xy=(60,230) touch_state=0x01F542FF completed=True
2026-09-25T22:08:10.846+01:00 AUTO SWEET SCENT TOUCH: SLOT3_SILVER_FIELD_ACTION xy=(119,119) touch_state=0x017EE5F2 completed=True
2026-09-25T22:08:11.879+01:00 AUTO SWEET SCENT TOUCH: SWEET_SCENT xy=(170,104) touch_state=0x016EE87F completed=True
2026-09-25T22:08:18.974+01:00 AUTO SWEET SCENT: battle active — Horde boundary acquired
2026-09-25T22:08:21.909+01:00 HORDE LEAD RAM REFRESH: Staryu moves=[55, 145, 129, 61] PP=[16, 30, 20, 15] source=RUNTIME_POINTER_CHAIN
2026-09-25T22:08:21.912+01:00 PARTY LIVE ORDER: battle pointer table -> species [120, 252, 283, 261, 263, 265] order [0, 1, 2, 4, 5, 3]
2026-09-25T22:08:21.973+01:00 #82 HORDE x5 [AUTO SWEET SCENT]: Zigzagoon, Zigzagoon, Zigzagoon, Zigzagoon, Zigzagoon
2026-09-25T22:08:21.973+01:00   slot0 Zigzagoon PID 0x59FBBD95 XOR 10167 shiny=False
2026-09-25T22:08:21.975+01:00   slot1 Zigzagoon PID 0xDF63905D XOR 36071 shiny=False
2026-09-25T22:08:21.977+01:00   slot2 Zigzagoon PID 0x0B3A7CE8 XOR 46091 shiny=False
2026-09-25T22:08:21.979+01:00   slot3 Zigzagoon PID 0x1F29E8F7 XOR 13319 shiny=False
2026-09-25T22:08:21.979+01:00   slot4 Zigzagoon PID 0x24229090 XOR 30571 shiny=False
2026-09-25T22:08:22.154+01:00 HORDE AUTHORITY COMMITTED: +5 Pokémon seen before escape
2026-09-25T22:08:35.007+01:00 RUN RECOVERY EXTENSION: battle still active after 24 causal Run taps; allowing up to 24 additional bounded Run taps (48 total)
2026-09-25T22:08:37.289+01:00 PARTY LIVE ORDER D25: source=RUNTIME_POINTER_CHAIN species=[120, 252, 283, 265, 261, 263]
2026-09-25T22:08:37.325+01:00 TIMING #82: field->encounter 11.621s • battle+return 18.316s • cycle 29.937s
2026-09-25T22:08:37.326+01:00 HF97 PHASE #82: boundary_wait 2.694s • pre_run_processing 0.479s • run_to_core_field 13.137s • postcore_field_authority 1.998s • accepted_run_attempt 25
2026-09-25T22:08:37.395+01:00 PASS #82: Horde x5 • Run tap 25 -> Route 102 grid [181, 130]
2026-09-25T22:08:37.490+01:00 AUTO SWEET SCENT RE-ARM: waiting 1.00 s after prior Horde field return before touchscreen route
2026-09-25T22:08:38.555+01:00 AUTO SWEET SCENT RE-ARM: PASS — battle inactive and anchor grid [181, 130] retained
2026-09-25T22:08:38.558+01:00 AUTO SWEET SCENT D25 TOUCH ROUTE: green Poké Ball (60,230) -> silver visible-slot-3 field icon (119, 119) -> Sweet Scent (170,104)
2026-09-25T22:08:38.872+01:00 AUTO SWEET SCENT TOUCH: GREEN_POKEBALL_PARTY xy=(60,230) touch_state=0x01F542FF completed=True
2026-09-25T22:08:40.904+01:00 AUTO SWEET SCENT TOUCH: SLOT3_SILVER_FIELD_ACTION xy=(119,119) touch_state=0x017EE5F2 completed=True
2026-09-25T22:08:41.956+01:00 AUTO SWEET SCENT TOUCH: SWEET_SCENT xy=(170,104) touch_state=0x016EE87F completed=True
2026-09-25T22:08:49.031+01:00 AUTO SWEET SCENT: battle active — Horde boundary acquired
2026-09-25T22:08:51.918+01:00 HORDE LEAD RAM REFRESH: Staryu moves=[55, 145, 129, 61] PP=[16, 30, 20, 15] source=RUNTIME_POINTER_CHAIN
2026-09-25T22:08:51.922+01:00 PARTY LIVE ORDER: battle pointer table -> species [120, 252, 283, 261, 263, 265] order [0, 1, 2, 4, 5, 3]
2026-09-25T22:08:51.991+01:00 #83 HORDE x5 [AUTO SWEET SCENT]: Seedot, Seedot, Seedot, Seedot, Seedot
2026-09-25T22:08:51.992+01:00   slot0 Seedot PID 0x19B7B78D XOR 28131 shiny=False
2026-09-25T22:08:51.993+01:00   slot1 Seedot PID 0xD4C1FAD4 XOR 60876 shiny=False
2026-09-25T22:08:51.995+01:00   slot2 Seedot PID 0x0283ADD3 XOR 27785 shiny=False
2026-09-25T22:08:51.996+01:00   slot3 Seedot PID 0x7195E1AB XOR 21479 shiny=False
2026-09-25T22:08:51.997+01:00   slot4 Seedot PID 0x4037FBC6 XOR 30760 shiny=False
2026-09-25T22:08:52.170+01:00 HORDE AUTHORITY COMMITTED: +5 Pokémon seen before escape
2026-09-25T22:09:06.151+01:00 PARTY LIVE ORDER D25: source=RUNTIME_POINTER_CHAIN species=[120, 252, 283, 265, 261, 263]
2026-09-25T22:09:06.153+01:00 TIMING #83: field->encounter 11.635s • battle+return 17.121s • cycle 28.756s
2026-09-25T22:09:06.153+01:00 HF97 PHASE #83: boundary_wait 2.670s • pre_run_processing 0.460s • run_to_core_field 12.102s • postcore_field_authority 1.880s • accepted_run_attempt 24
2026-09-25T22:09:06.175+01:00 PASS #83: Horde x5 • Run tap 24 -> Route 102 grid [181, 130]
2026-09-25T22:09:06.252+01:00 AUTO SWEET SCENT RE-ARM: waiting 1.00 s after prior Horde field return before touchscreen route
2026-09-25T22:09:07.314+01:00 AUTO SWEET SCENT RE-ARM: PASS — battle inactive and anchor grid [181, 130] retained
2026-09-25T22:09:07.323+01:00 AUTO SWEET SCENT D25 TOUCH ROUTE: green Poké Ball (60,230) -> silver visible-slot-3 field icon (119, 119) -> Sweet Scent (170,104)
2026-09-25T22:09:07.630+01:00 AUTO SWEET SCENT TOUCH: GREEN_POKEBALL_PARTY xy=(60,230) touch_state=0x01F542FF completed=True
2026-09-25T22:09:09.739+01:00 AUTO SWEET SCENT TOUCH: SLOT3_SILVER_FIELD_ACTION xy=(119,119) touch_state=0x017EE5F2 completed=True
2026-09-25T22:09:10.779+01:00 AUTO SWEET SCENT TOUCH: SWEET_SCENT xy=(170,104) touch_state=0x016EE87F completed=True
2026-09-25T22:09:17.853+01:00 AUTO SWEET SCENT: battle active — Horde boundary acquired
2026-09-25T22:09:20.772+01:00 HORDE LEAD RAM REFRESH: Staryu moves=[55, 145, 129, 61] PP=[16, 30, 20, 15] source=RUNTIME_POINTER_CHAIN
2026-09-25T22:09:20.773+01:00 PARTY LIVE ORDER: battle pointer table -> species [120, 252, 283, 261, 263, 265] order [0, 1, 2, 4, 5, 3]
2026-09-25T22:09:20.870+01:00 #84 HORDE x5 [AUTO SWEET SCENT]: Seedot, Seedot, Seedot, Seedot, Seedot
2026-09-25T22:09:20.871+01:00   slot0 Seedot PID 0x3E73EA21 XOR 6027 shiny=False
2026-09-25T22:09:20.876+01:00   slot1 Seedot PID 0xE56E64C1 XOR 17014 shiny=False
2026-09-25T22:09:20.877+01:00   slot2 Seedot PID 0x66FB16B5 XOR 45975 shiny=False
2026-09-25T22:09:20.878+01:00   slot3 Seedot PID 0x46E49A0A XOR 7991 shiny=False
2026-09-25T22:09:20.889+01:00   slot4 Seedot PID 0x87BB049B XOR 16633 shiny=False
2026-09-25T22:09:21.254+01:00 HORDE AUTHORITY COMMITTED: +5 Pokémon seen before escape
2026-09-25T22:09:35.377+01:00 PARTY LIVE ORDER D25: source=RUNTIME_POINTER_CHAIN species=[120, 252, 283, 265, 261, 263]
2026-09-25T22:09:35.379+01:00 TIMING #84: field->encounter 11.679s • battle+return 17.524s • cycle 29.203s
2026-09-25T22:09:35.381+01:00 HF97 PHASE #84: boundary_wait 2.615s • pre_run_processing 0.777s • run_to_core_field 12.251s • postcore_field_authority 1.873s • accepted_run_attempt 24
2026-09-25T22:09:35.387+01:00 PASS #84: Horde x5 • Run tap 24 -> Route 102 grid [181, 130]
2026-09-25T22:09:35.463+01:00 AUTO SWEET SCENT RE-ARM: waiting 1.00 s after prior Horde field return before touchscreen route
2026-09-25T22:09:36.531+01:00 AUTO SWEET SCENT RE-ARM: PASS — battle inactive and anchor grid [181, 130] retained
2026-09-25T22:09:36.534+01:00 AUTO SWEET SCENT D25 TOUCH ROUTE: green Poké Ball (60,230) -> silver visible-slot-3 field icon (119, 119) -> Sweet Scent (170,104)
2026-09-25T22:09:36.833+01:00 AUTO SWEET SCENT TOUCH: GREEN_POKEBALL_PARTY xy=(60,230) touch_state=0x01F542FF completed=True
2026-09-25T22:09:38.866+01:00 AUTO SWEET SCENT TOUCH: SLOT3_SILVER_FIELD_ACTION xy=(119,119) touch_state=0x017EE5F2 completed=True
2026-09-25T22:09:39.892+01:00 AUTO SWEET SCENT TOUCH: SWEET_SCENT xy=(170,104) touch_state=0x016EE87F completed=True
2026-09-25T22:09:47.032+01:00 AUTO SWEET SCENT: battle active — Horde boundary acquired
2026-09-25T22:09:49.896+01:00 HORDE LEAD RAM REFRESH: Staryu moves=[55, 145, 129, 61] PP=[16, 30, 20, 15] source=RUNTIME_POINTER_CHAIN
2026-09-25T22:09:49.897+01:00 PARTY LIVE ORDER: battle pointer table -> species [120, 252, 283, 261, 263, 265] order [0, 1, 2, 4, 5, 3]
2026-09-25T22:09:49.968+01:00 #85 HORDE x5 [AUTO SWEET SCENT]: Zigzagoon, Zigzagoon, Zigzagoon, Zigzagoon, Zigzagoon
2026-09-25T22:09:49.969+01:00   slot0 Zigzagoon PID 0x74FA9B66 XOR 11333 shiny=False
2026-09-25T22:09:49.969+01:00   slot1 Zigzagoon PID 0x44281623 XOR 37330 shiny=False
2026-09-25T22:09:49.970+01:00   slot2 Zigzagoon PID 0xDBD767AB XOR 32677 shiny=False
2026-09-25T22:09:49.971+01:00   slot3 Zigzagoon PID 0x02BBD78E XOR 5868 shiny=False
2026-09-25T22:09:49.972+01:00   slot4 Zigzagoon PID 0xB1090C49 XOR 32409 shiny=False
2026-09-25T22:09:50.060+01:00 HORDE AUTHORITY COMMITTED: +5 Pokémon seen before escape
2026-09-25T22:10:03.018+01:00 RUN RECOVERY EXTENSION: battle still active after 24 causal Run taps; allowing up to 24 additional bounded Run taps (48 total)
2026-09-25T22:10:05.241+01:00 PARTY LIVE ORDER D25: source=RUNTIME_POINTER_CHAIN species=[120, 252, 283, 265, 261, 263]
2026-09-25T22:10:05.244+01:00 TIMING #85: field->encounter 11.642s • battle+return 18.210s • cycle 29.852s
2026-09-25T22:10:05.245+01:00 HF97 PHASE #85: boundary_wait 2.600s • pre_run_processing 0.419s • run_to_core_field 13.254s • postcore_field_authority 1.929s • accepted_run_attempt 25
2026-09-25T22:10:05.255+01:00 PASS #85: Horde x5 • Run tap 25 -> Route 102 grid [181, 130]
2026-09-25T22:10:05.312+01:00 AUTO SWEET SCENT RE-ARM: waiting 1.00 s after prior Horde field return before touchscreen route
2026-09-25T22:10:06.391+01:00 AUTO SWEET SCENT RE-ARM: PASS — battle inactive and anchor grid [181, 130] retained
2026-09-25T22:10:06.393+01:00 AUTO SWEET SCENT D25 TOUCH ROUTE: green Poké Ball (60,230) -> silver visible-slot-3 field icon (119, 119) -> Sweet Scent (170,104)
2026-09-25T22:10:06.676+01:00 AUTO SWEET SCENT TOUCH: GREEN_POKEBALL_PARTY xy=(60,230) touch_state=0x01F542FF completed=True
2026-09-25T22:10:08.729+01:00 AUTO SWEET SCENT TOUCH: SLOT3_SILVER_FIELD_ACTION xy=(119,119) touch_state=0x017EE5F2 completed=True
2026-09-25T22:10:09.900+01:00 AUTO SWEET SCENT TOUCH: SWEET_SCENT xy=(170,104) touch_state=0x016EE87F completed=True
2026-09-25T22:10:16.967+01:00 AUTO SWEET SCENT: battle active — Horde boundary acquired
2026-09-25T22:10:19.795+01:00 HORDE LEAD RAM REFRESH: Staryu moves=[55, 145, 129, 61] PP=[16, 30, 20, 15] source=RUNTIME_POINTER_CHAIN
2026-09-25T22:10:19.797+01:00 PARTY LIVE ORDER: battle pointer table -> species [120, 252, 283, 261, 263, 265] order [0, 1, 2, 4, 5, 3]
2026-09-25T22:10:19.848+01:00 #86 HORDE x5 [AUTO SWEET SCENT]: Zigzagoon, Zigzagoon, Zigzagoon, Zigzagoon, Zigzagoon
2026-09-25T22:10:19.849+01:00   slot0 Zigzagoon PID 0x0BBCD40D XOR 7272 shiny=False
2026-09-25T22:10:19.850+01:00   slot1 Zigzagoon PID 0xD01892BC XOR 33149 shiny=False
2026-09-25T22:10:19.850+01:00   slot2 Zigzagoon PID 0xFC18B8CA XOR 34571 shiny=False
2026-09-25T22:10:19.851+01:00   slot3 Zigzagoon PID 0x7FCFA93C XOR 5418 shiny=False
2026-09-25T22:10:19.852+01:00   slot4 Zigzagoon PID 0x63FD74FD XOR 54489 shiny=False
2026-09-25T22:10:20.372+01:00 HORDE AUTHORITY COMMITTED: +5 Pokémon seen before escape
2026-09-25T22:10:36.018+01:00 PARTY LIVE ORDER D25: source=RUNTIME_POINTER_CHAIN species=[120, 252, 283, 265, 261, 263]
2026-09-25T22:10:36.021+01:00 TIMING #86: field->encounter 11.712s • battle+return 19.052s • cycle 30.764s
2026-09-25T22:10:36.022+01:00 HF97 PHASE #86: boundary_wait 2.564s • pre_run_processing 0.838s • run_to_core_field 13.273s • postcore_field_authority 2.371s • accepted_run_attempt None
2026-09-25T22:10:36.031+01:00 PASS #86: Horde x5 • Run tap None -> Route 102 grid [181, 130]
2026-09-25T22:10:36.096+01:00 AUTO SWEET SCENT RE-ARM: waiting 1.00 s after prior Horde field return before touchscreen route
2026-09-25T22:10:37.152+01:00 AUTO SWEET SCENT RE-ARM: PASS — battle inactive and anchor grid [181, 130] retained
2026-09-25T22:10:37.155+01:00 AUTO SWEET SCENT D25 TOUCH ROUTE: green Poké Ball (60,230) -> silver visible-slot-3 field icon (119, 119) -> Sweet Scent (170,104)
2026-09-25T22:10:37.432+01:00 AUTO SWEET SCENT TOUCH: GREEN_POKEBALL_PARTY xy=(60,230) touch_state=0x01F542FF completed=True
2026-09-25T22:10:39.472+01:00 AUTO SWEET SCENT TOUCH: SLOT3_SILVER_FIELD_ACTION xy=(119,119) touch_state=0x017EE5F2 completed=True
2026-09-25T22:10:40.496+01:00 AUTO SWEET SCENT TOUCH: SWEET_SCENT xy=(170,104) touch_state=0x016EE87F completed=True
2026-09-25T22:10:47.557+01:00 AUTO SWEET SCENT: battle active — Horde boundary acquired
2026-09-25T22:10:50.412+01:00 HORDE LEAD RAM REFRESH: Staryu moves=[55, 145, 129, 61] PP=[16, 30, 20, 15] source=RUNTIME_POINTER_CHAIN
2026-09-25T22:10:50.417+01:00 PARTY LIVE ORDER: battle pointer table -> species [120, 252, 283, 261, 263, 265] order [0, 1, 2, 4, 5, 3]
2026-09-25T22:10:50.464+01:00 #87 HORDE x5 [AUTO SWEET SCENT]: Seedot, Seedot, Seedot, Seedot, Seedot
2026-09-25T22:10:50.471+01:00   slot0 Seedot PID 0x55BD1FE3 XOR 35207 shiny=False
2026-09-25T22:10:50.472+01:00   slot1 Seedot PID 0x8E75B386 XOR 65066 shiny=False
2026-09-25T22:10:50.473+01:00   slot2 Seedot PID 0xFCEDD4BA XOR 60302 shiny=False
2026-09-25T22:10:50.474+01:00   slot3 Seedot PID 0xDEF27317 XOR 28220 shiny=False
2026-09-25T22:10:50.474+01:00   slot4 Seedot PID 0xB52A68FA XOR 7689 shiny=False
2026-09-25T22:10:50.604+01:00 HORDE AUTHORITY COMMITTED: +5 Pokémon seen before escape
2026-09-25T22:11:04.436+01:00 PARTY LIVE ORDER D25: source=RUNTIME_POINTER_CHAIN species=[120, 252, 283, 265, 261, 263]
2026-09-25T22:11:04.439+01:00 TIMING #87: field->encounter 11.521s • battle+return 16.880s • cycle 28.401s
2026-09-25T22:11:04.440+01:00 HF97 PHASE #87: boundary_wait 2.630s • pre_run_processing 0.411s • run_to_core_field 12.036s • postcore_field_authority 1.797s • accepted_run_attempt 24
2026-09-25T22:11:04.448+01:00 PASS #87: Horde x5 • Run tap 24 -> Route 102 grid [181, 130]
2026-09-25T22:11:04.520+01:00 AUTO SWEET SCENT RE-ARM: waiting 1.00 s after prior Horde field return before touchscreen route
2026-09-25T22:11:05.592+01:00 AUTO SWEET SCENT RE-ARM: PASS — battle inactive and anchor grid [181, 130] retained
2026-09-25T22:11:05.593+01:00 AUTO SWEET SCENT D25 TOUCH ROUTE: green Poké Ball (60,230) -> silver visible-slot-3 field icon (119, 119) -> Sweet Scent (170,104)
2026-09-25T22:11:05.873+01:00 AUTO SWEET SCENT TOUCH: GREEN_POKEBALL_PARTY xy=(60,230) touch_state=0x01F542FF completed=True
2026-09-25T22:11:07.899+01:00 AUTO SWEET SCENT TOUCH: SLOT3_SILVER_FIELD_ACTION xy=(119,119) touch_state=0x017EE5F2 completed=True
2026-09-25T22:11:08.945+01:00 AUTO SWEET SCENT TOUCH: SWEET_SCENT xy=(170,104) touch_state=0x016EE87F completed=True
2026-09-25T22:11:16.068+01:00 AUTO SWEET SCENT: battle active — Horde boundary acquired
2026-09-25T22:11:18.963+01:00 HORDE LEAD RAM REFRESH: Staryu moves=[55, 145, 129, 61] PP=[16, 30, 20, 15] source=RUNTIME_POINTER_CHAIN
2026-09-25T22:11:18.966+01:00 PARTY LIVE ORDER: battle pointer table -> species [120, 252, 283, 261, 263, 265] order [0, 1, 2, 4, 5, 3]
2026-09-25T22:11:19.020+01:00 #88 HORDE x5 [AUTO SWEET SCENT]: Seedot, Seedot, Seedot, Seedot, Seedot
2026-09-25T22:11:19.021+01:00   slot0 Seedot PID 0x87B45678 XOR 4629 shiny=False
2026-09-25T22:11:19.024+01:00   slot1 Seedot PID 0x6492427F XOR 58676 shiny=False
2026-09-25T22:11:19.025+01:00   slot2 Seedot PID 0xE2E3E615 XOR 50991 shiny=False
2026-09-25T22:11:19.026+01:00   slot3 Seedot PID 0xB1A7D745 XOR 42299 shiny=False
2026-09-25T22:11:19.027+01:00   slot4 Seedot PID 0x70D97104 XOR 49668 shiny=False
2026-09-25T22:11:19.146+01:00 HORDE AUTHORITY COMMITTED: +5 Pokémon seen before escape
2026-09-25T22:11:33.294+01:00 PARTY LIVE ORDER D25: source=RUNTIME_POINTER_CHAIN species=[120, 252, 283, 265, 261, 263]
2026-09-25T22:11:33.295+01:00 TIMING #88: field->encounter 11.616s • battle+return 17.226s • cycle 28.842s
2026-09-25T22:11:33.296+01:00 HF97 PHASE #88: boundary_wait 2.656s • pre_run_processing 0.416s • run_to_core_field 12.152s • postcore_field_authority 1.996s • accepted_run_attempt 24
2026-09-25T22:11:33.312+01:00 PASS #88: Horde x5 • Run tap 24 -> Route 102 grid [181, 130]
2026-09-25T22:11:33.405+01:00 AUTO SWEET SCENT RE-ARM: waiting 1.00 s after prior Horde field return before touchscreen route
2026-09-25T22:11:34.474+01:00 AUTO SWEET SCENT RE-ARM: PASS — battle inactive and anchor grid [181, 130] retained
2026-09-25T22:11:34.475+01:00 AUTO SWEET SCENT D25 TOUCH ROUTE: green Poké Ball (60,230) -> silver visible-slot-3 field icon (119, 119) -> Sweet Scent (170,104)
2026-09-25T22:11:34.756+01:00 AUTO SWEET SCENT TOUCH: GREEN_POKEBALL_PARTY xy=(60,230) touch_state=0x01F542FF completed=True
2026-09-25T22:11:36.786+01:00 AUTO SWEET SCENT TOUCH: SLOT3_SILVER_FIELD_ACTION xy=(119,119) touch_state=0x017EE5F2 completed=True
2026-09-25T22:11:37.820+01:00 AUTO SWEET SCENT TOUCH: SWEET_SCENT xy=(170,104) touch_state=0x016EE87F completed=True
2026-09-25T22:11:44.911+01:00 AUTO SWEET SCENT: battle active — Horde boundary acquired
2026-09-25T22:11:48.335+01:00 HORDE LEAD RAM REFRESH: Staryu moves=[55, 145, 129, 61] PP=[16, 30, 20, 15] source=RUNTIME_POINTER_CHAIN
2026-09-25T22:11:48.336+01:00 PARTY LIVE ORDER: battle pointer table -> species [120, 252, 283, 261, 263, 265] order [0, 1, 2, 4, 5, 3]
2026-09-25T22:11:48.446+01:00 #89 HORDE x5 [AUTO SWEET SCENT]: Seedot, Seedot, Seedot, Seedot, Seedot
2026-09-25T22:11:48.447+01:00   slot0 Seedot PID 0xF9B2AE44 XOR 37935 shiny=False
2026-09-25T22:11:48.451+01:00   slot1 Seedot PID 0xB1BBFA34 XOR 34902 shiny=False
2026-09-25T22:11:48.452+01:00   slot2 Seedot PID 0xC1A20E77 XOR 3084 shiny=False
2026-09-25T22:11:48.452+01:00   slot3 Seedot PID 0x08E8A88E XOR 25535 shiny=False
2026-09-25T22:11:48.455+01:00   slot4 Seedot PID 0xDF266FAB XOR 29524 shiny=False
2026-09-25T22:11:49.182+01:00 HORDE AUTHORITY COMMITTED: +5 Pokémon seen before escape
2026-09-25T22:12:02.067+01:00 PARTY LIVE ORDER D25: source=RUNTIME_POINTER_CHAIN species=[120, 252, 283, 265, 261, 263]
2026-09-25T22:12:02.070+01:00 TIMING #89: field->encounter 11.599s • battle+return 17.156s • cycle 28.755s
2026-09-25T22:12:02.071+01:00 HF97 PHASE #89: boundary_wait 2.812s • pre_run_processing 1.572s • run_to_core_field 10.806s • postcore_field_authority 1.959s • accepted_run_attempt 19
2026-09-25T22:12:02.081+01:00 PASS #89: Horde x5 • Run tap 19 -> Route 102 grid [181, 130]
2026-09-25T22:12:02.147+01:00 AUTO SWEET SCENT RE-ARM: waiting 1.00 s after prior Horde field return before touchscreen route
2026-09-25T22:12:03.229+01:00 AUTO SWEET SCENT RE-ARM: PASS — battle inactive and anchor grid [181, 130] retained
2026-09-25T22:12:03.238+01:00 AUTO SWEET SCENT D25 TOUCH ROUTE: green Poké Ball (60,230) -> silver visible-slot-3 field icon (119, 119) -> Sweet Scent (170,104)
2026-09-25T22:12:03.565+01:00 AUTO SWEET SCENT TOUCH: GREEN_POKEBALL_PARTY xy=(60,230) touch_state=0x01F542FF completed=True
2026-09-25T22:12:05.595+01:00 AUTO SWEET SCENT TOUCH: SLOT3_SILVER_FIELD_ACTION xy=(119,119) touch_state=0x017EE5F2 completed=True
2026-09-25T22:12:06.620+01:00 AUTO SWEET SCENT TOUCH: SWEET_SCENT xy=(170,104) touch_state=0x016EE87F completed=True
2026-09-25T22:12:13.740+01:00 AUTO SWEET SCENT: battle active — Horde boundary acquired
2026-09-25T22:12:16.685+01:00 HORDE LEAD RAM REFRESH: Staryu moves=[55, 145, 129, 61] PP=[16, 30, 20, 15] source=RUNTIME_POINTER_CHAIN
2026-09-25T22:12:16.689+01:00 PARTY LIVE ORDER: battle pointer table -> species [120, 252, 283, 261, 263, 265] order [0, 1, 2, 4, 5, 3]
2026-09-25T22:12:16.737+01:00 #90 HORDE x5 [AUTO SWEET SCENT]: Seedot, Seedot, Seedot, Seedot, Seedot
2026-09-25T22:12:16.738+01:00   slot0 Seedot PID 0xB09A8569 XOR 63018 shiny=False
2026-09-25T22:12:16.739+01:00   slot1 Seedot PID 0x9925AF79 XOR 62853 shiny=False
2026-09-25T22:12:16.740+01:00   slot2 Seedot PID 0x0807D4EA XOR 7988 shiny=False
2026-09-25T22:12:16.741+01:00   slot3 Seedot PID 0x12AFC9AB XOR 6365 shiny=False
2026-09-25T22:12:16.742+01:00   slot4 Seedot PID 0x774E310F XOR 34200 shiny=False
2026-09-25T22:12:16.881+01:00 HORDE AUTHORITY COMMITTED: +5 Pokémon seen before escape
2026-09-25T22:12:30.824+01:00 PARTY LIVE ORDER D25: source=RUNTIME_POINTER_CHAIN species=[120, 252, 283, 265, 261, 263]
2026-09-25T22:12:30.826+01:00 TIMING #90: field->encounter 11.657s • battle+return 17.085s • cycle 28.742s
2026-09-25T22:12:30.827+01:00 HF97 PHASE #90: boundary_wait 2.671s • pre_run_processing 0.462s • run_to_core_field 12.058s • postcore_field_authority 1.885s • accepted_run_attempt 24
2026-09-25T22:12:30.839+01:00 PASS #90: Horde x5 • Run tap 24 -> Route 102 grid [181, 130]
2026-09-25T22:12:30.916+01:00 AUTO SWEET SCENT RE-ARM: waiting 1.00 s after prior Horde field return before touchscreen route
2026-09-25T22:12:31.979+01:00 AUTO SWEET SCENT RE-ARM: PASS — battle inactive and anchor grid [181, 130] retained
2026-09-25T22:12:31.982+01:00 AUTO SWEET SCENT D25 TOUCH ROUTE: green Poké Ball (60,230) -> silver visible-slot-3 field icon (119, 119) -> Sweet Scent (170,104)
2026-09-25T22:12:32.256+01:00 AUTO SWEET SCENT TOUCH: GREEN_POKEBALL_PARTY xy=(60,230) touch_state=0x01F542FF completed=True
2026-09-25T22:12:34.305+01:00 AUTO SWEET SCENT TOUCH: SLOT3_SILVER_FIELD_ACTION xy=(119,119) touch_state=0x017EE5F2 completed=True
2026-09-25T22:12:35.330+01:00 AUTO SWEET SCENT TOUCH: SWEET_SCENT xy=(170,104) touch_state=0x016EE87F completed=True
2026-09-25T22:12:42.384+01:00 AUTO SWEET SCENT: battle active — Horde boundary acquired
2026-09-25T22:12:45.279+01:00 HORDE LEAD RAM REFRESH: Staryu moves=[55, 145, 129, 61] PP=[16, 30, 20, 15] source=RUNTIME_POINTER_CHAIN
2026-09-25T22:12:45.281+01:00 PARTY LIVE ORDER: battle pointer table -> species [120, 252, 283, 261, 263, 265] order [0, 1, 2, 4, 5, 3]
2026-09-25T22:12:45.335+01:00 #91 HORDE x5 [AUTO SWEET SCENT]: Zigzagoon, Zigzagoon, Zigzagoon, Zigzagoon, Zigzagoon
2026-09-25T22:12:45.336+01:00   slot0 Zigzagoon PID 0x45A444DB XOR 49830 shiny=False
2026-09-25T22:12:45.337+01:00   slot1 Zigzagoon PID 0xAB593FF5 XOR 22389 shiny=False
2026-09-25T22:12:45.340+01:00   slot2 Zigzagoon PID 0xB74C9174 XOR 58849 shiny=False
2026-09-25T22:12:45.341+01:00   slot3 Zigzagoon PID 0x65D3F751 XOR 20827 shiny=False
2026-09-25T22:12:45.342+01:00   slot4 Zigzagoon PID 0x6D94DC91 XOR 29404 shiny=False
2026-09-25T22:12:45.457+01:00 HORDE AUTHORITY COMMITTED: +5 Pokémon seen before escape
2026-09-25T22:12:58.245+01:00 RUN RECOVERY EXTENSION: battle still active after 24 causal Run taps; allowing up to 24 additional bounded Run taps (48 total)
2026-09-25T22:13:00.948+01:00 PARTY LIVE ORDER D25: source=RUNTIME_POINTER_CHAIN species=[120, 252, 283, 265, 261, 263]
2026-09-25T22:13:00.951+01:00 TIMING #91: field->encounter 11.545s • battle+return 18.564s • cycle 30.110s
2026-09-25T22:13:00.952+01:00 HF97 PHASE #91: boundary_wait 2.671s • pre_run_processing 0.391s • run_to_core_field 13.585s • postcore_field_authority 1.906s • accepted_run_attempt 26
2026-09-25T22:13:00.962+01:00 PASS #91: Horde x5 • Run tap 26 -> Route 102 grid [181, 130]
2026-09-25T22:13:01.023+01:00 AUTO SWEET SCENT RE-ARM: waiting 1.00 s after prior Horde field return before touchscreen route
2026-09-25T22:13:02.083+01:00 AUTO SWEET SCENT RE-ARM: PASS — battle inactive and anchor grid [181, 130] retained
2026-09-25T22:13:02.087+01:00 AUTO SWEET SCENT D25 TOUCH ROUTE: green Poké Ball (60,230) -> silver visible-slot-3 field icon (119, 119) -> Sweet Scent (170,104)
2026-09-25T22:13:02.371+01:00 AUTO SWEET SCENT TOUCH: GREEN_POKEBALL_PARTY xy=(60,230) touch_state=0x01F542FF completed=True
2026-09-25T22:13:04.392+01:00 AUTO SWEET SCENT TOUCH: SLOT3_SILVER_FIELD_ACTION xy=(119,119) touch_state=0x017EE5F2 completed=True
2026-09-25T22:13:05.442+01:00 AUTO SWEET SCENT TOUCH: SWEET_SCENT xy=(170,104) touch_state=0x016EE87F completed=True
2026-09-25T22:13:12.491+01:00 AUTO SWEET SCENT: battle active — Horde boundary acquired
2026-09-25T22:13:15.463+01:00 HORDE LEAD RAM REFRESH: Staryu moves=[55, 145, 129, 61] PP=[16, 30, 20, 15] source=RUNTIME_POINTER_CHAIN
2026-09-25T22:13:15.465+01:00 PARTY LIVE ORDER: battle pointer table -> species [120, 252, 283, 261, 263, 265] order [0, 1, 2, 4, 5, 3]
2026-09-25T22:13:15.567+01:00 #92 HORDE x5 [AUTO SWEET SCENT]: Zigzagoon, Zigzagoon, Zigzagoon, Zigzagoon, Zigzagoon
2026-09-25T22:13:15.568+01:00   slot0 Zigzagoon PID 0x2A0F2D8F XOR 50265 shiny=False
2026-09-25T22:13:15.571+01:00   slot1 Zigzagoon PID 0x129055A9 XOR 34016 shiny=False
2026-09-25T22:13:15.572+01:00   slot2 Zigzagoon PID 0x7F356215 XOR 57081 shiny=False
2026-09-25T22:13:15.574+01:00   slot3 Zigzagoon PID 0x002B5BA3 XOR 38993 shiny=False
2026-09-25T22:13:15.575+01:00   slot4 Zigzagoon PID 0x1B595896 XOR 32790 shiny=False
2026-09-25T22:13:15.688+01:00 HORDE AUTHORITY COMMITTED: +5 Pokémon seen before escape
2026-09-25T22:13:28.393+01:00 RUN RECOVERY EXTENSION: battle still active after 24 causal Run taps; allowing up to 24 additional bounded Run taps (48 total)
2026-09-25T22:13:31.091+01:00 PARTY LIVE ORDER D25: source=RUNTIME_POINTER_CHAIN species=[120, 252, 283, 265, 261, 263]
2026-09-25T22:13:31.094+01:00 TIMING #92: field->encounter 11.529s • battle+return 18.602s • cycle 30.131s
2026-09-25T22:13:31.095+01:00 HF97 PHASE #92: boundary_wait 2.738s • pre_run_processing 0.453s • run_to_core_field 13.473s • postcore_field_authority 1.932s • accepted_run_attempt 26
2026-09-25T22:13:31.101+01:00 PASS #92: Horde x5 • Run tap 26 -> Route 102 grid [181, 130]
2026-09-25T22:13:31.180+01:00 AUTO SWEET SCENT RE-ARM: waiting 1.00 s after prior Horde field return before touchscreen route
2026-09-25T22:13:32.253+01:00 AUTO SWEET SCENT RE-ARM: PASS — battle inactive and anchor grid [181, 130] retained
2026-09-25T22:13:32.254+01:00 AUTO SWEET SCENT D25 TOUCH ROUTE: green Poké Ball (60,230) -> silver visible-slot-3 field icon (119, 119) -> Sweet Scent (170,104)
2026-09-25T22:13:32.549+01:00 AUTO SWEET SCENT TOUCH: GREEN_POKEBALL_PARTY xy=(60,230) touch_state=0x01F542FF completed=True
2026-09-25T22:13:34.593+01:00 AUTO SWEET SCENT TOUCH: SLOT3_SILVER_FIELD_ACTION xy=(119,119) touch_state=0x017EE5F2 completed=True
2026-09-25T22:13:35.621+01:00 AUTO SWEET SCENT TOUCH: SWEET_SCENT xy=(170,104) touch_state=0x016EE87F completed=True
2026-09-25T22:13:42.658+01:00 AUTO SWEET SCENT: battle active — Horde boundary acquired
2026-09-25T22:13:45.631+01:00 HORDE LEAD RAM REFRESH: Staryu moves=[55, 145, 129, 61] PP=[16, 30, 20, 15] source=RUNTIME_POINTER_CHAIN
2026-09-25T22:13:45.633+01:00 PARTY LIVE ORDER: battle pointer table -> species [120, 252, 283, 261, 263, 265] order [0, 1, 2, 4, 5, 3]
2026-09-25T22:13:45.689+01:00 #93 HORDE x5 [AUTO SWEET SCENT]: Seedot, Seedot, Seedot, Seedot, Seedot
2026-09-25T22:13:45.690+01:00   slot0 Seedot PID 0x2ED5D587 XOR 14475 shiny=False
2026-09-25T22:13:45.691+01:00   slot1 Seedot PID 0x74DF4FD3 XOR 63701 shiny=False
2026-09-25T22:13:45.692+01:00   slot2 Seedot PID 0x9E7F44B0 XOR 6422 shiny=False
2026-09-25T22:13:45.692+01:00   slot3 Seedot PID 0xA9041514 XOR 32713 shiny=False
2026-09-25T22:13:45.693+01:00   slot4 Seedot PID 0x41924349 XOR 49410 shiny=False
2026-09-25T22:13:45.810+01:00 HORDE AUTHORITY COMMITTED: +5 Pokémon seen before escape
2026-09-25T22:13:59.667+01:00 PARTY LIVE ORDER D25: source=RUNTIME_POINTER_CHAIN species=[120, 252, 283, 265, 261, 263]
2026-09-25T22:13:59.671+01:00 TIMING #93: field->encounter 11.556s • battle+return 17.012s • cycle 28.568s
2026-09-25T22:13:59.672+01:00 HF97 PHASE #93: boundary_wait 2.743s • pre_run_processing 0.403s • run_to_core_field 11.899s • postcore_field_authority 1.960s • accepted_run_attempt 24
2026-09-25T22:13:59.683+01:00 PASS #93: Horde x5 • Run tap 24 -> Route 102 grid [181, 130]
2026-09-25T22:13:59.744+01:00 AUTO SWEET SCENT RE-ARM: waiting 1.00 s after prior Horde field return before touchscreen route
2026-09-25T22:14:00.801+01:00 AUTO SWEET SCENT RE-ARM: PASS — battle inactive and anchor grid [181, 130] retained
2026-09-25T22:14:00.803+01:00 AUTO SWEET SCENT D25 TOUCH ROUTE: green Poké Ball (60,230) -> silver visible-slot-3 field icon (119, 119) -> Sweet Scent (170,104)
2026-09-25T22:14:01.101+01:00 AUTO SWEET SCENT TOUCH: GREEN_POKEBALL_PARTY xy=(60,230) touch_state=0x01F542FF completed=True
2026-09-25T22:14:03.125+01:00 AUTO SWEET SCENT TOUCH: SLOT3_SILVER_FIELD_ACTION xy=(119,119) touch_state=0x017EE5F2 completed=True
2026-09-25T22:14:04.166+01:00 AUTO SWEET SCENT TOUCH: SWEET_SCENT xy=(170,104) touch_state=0x016EE87F completed=True
2026-09-25T22:14:11.228+01:00 AUTO SWEET SCENT: battle active — Horde boundary acquired
2026-09-25T22:14:14.211+01:00 HORDE LEAD RAM REFRESH: Staryu moves=[55, 145, 129, 61] PP=[16, 30, 20, 15] source=RUNTIME_POINTER_CHAIN
2026-09-25T22:14:14.212+01:00 PARTY LIVE ORDER: battle pointer table -> species [120, 252, 283, 261, 263, 265] order [0, 1, 2, 4, 5, 3]
2026-09-25T22:14:14.281+01:00 #94 HORDE x5 [AUTO SWEET SCENT]: Zigzagoon, Zigzagoon, Zigzagoon, Zigzagoon, Zigzagoon
2026-09-25T22:14:14.282+01:00   slot0 Zigzagoon PID 0x75F1282B XOR 40451 shiny=False
2026-09-25T22:14:14.283+01:00   slot1 Zigzagoon PID 0x9B21D692 XOR 36458 shiny=False
2026-09-25T22:14:14.284+01:00   slot2 Zigzagoon PID 0xAC9765A1 XOR 2799 shiny=False
2026-09-25T22:14:14.285+01:00   slot3 Zigzagoon PID 0xB87CBF41 XOR 50404 shiny=False
2026-09-25T22:14:14.286+01:00   slot4 Zigzagoon PID 0xD92B7144 XOR 27574 shiny=False
2026-09-25T22:14:14.404+01:00 HORDE AUTHORITY COMMITTED: +5 Pokémon seen before escape
2026-09-25T22:14:27.141+01:00 RUN RECOVERY EXTENSION: battle still active after 24 causal Run taps; allowing up to 24 additional bounded Run taps (48 total)
2026-09-25T22:14:29.320+01:00 PARTY LIVE ORDER D25: source=RUNTIME_POINTER_CHAIN species=[120, 252, 283, 265, 261, 263]
2026-09-25T22:14:29.322+01:00 TIMING #94: field->encounter 11.545s • battle+return 18.093s • cycle 29.637s
2026-09-25T22:14:29.324+01:00 HF97 PHASE #94: boundary_wait 2.739s • pre_run_processing 0.430s • run_to_core_field 13.029s • postcore_field_authority 1.887s • accepted_run_attempt 25
2026-09-25T22:14:29.330+01:00 PASS #94: Horde x5 • Run tap 25 -> Route 102 grid [181, 130]
2026-09-25T22:14:29.400+01:00 AUTO SWEET SCENT RE-ARM: waiting 1.00 s after prior Horde field return before touchscreen route
2026-09-25T22:14:30.457+01:00 AUTO SWEET SCENT RE-ARM: PASS — battle inactive and anchor grid [181, 130] retained
2026-09-25T22:14:30.460+01:00 AUTO SWEET SCENT D25 TOUCH ROUTE: green Poké Ball (60,230) -> silver visible-slot-3 field icon (119, 119) -> Sweet Scent (170,104)
2026-09-25T22:14:30.736+01:00 AUTO SWEET SCENT TOUCH: GREEN_POKEBALL_PARTY xy=(60,230) touch_state=0x01F542FF completed=True
2026-09-25T22:14:32.777+01:00 AUTO SWEET SCENT TOUCH: SLOT3_SILVER_FIELD_ACTION xy=(119,119) touch_state=0x017EE5F2 completed=True
2026-09-25T22:14:33.827+01:00 AUTO SWEET SCENT TOUCH: SWEET_SCENT xy=(170,104) touch_state=0x016EE87F completed=True
2026-09-25T22:14:40.872+01:00 AUTO SWEET SCENT: battle active — Horde boundary acquired
2026-09-25T22:14:43.768+01:00 HORDE LEAD RAM REFRESH: Staryu moves=[55, 145, 129, 61] PP=[16, 30, 20, 15] source=RUNTIME_POINTER_CHAIN
2026-09-25T22:14:43.769+01:00 PARTY LIVE ORDER: battle pointer table -> species [120, 252, 283, 261, 263, 265] order [0, 1, 2, 4, 5, 3]
2026-09-25T22:14:43.833+01:00 #95 HORDE x5 [AUTO SWEET SCENT]: Zigzagoon, Zigzagoon, Zigzagoon, Zigzagoon, Zigzagoon
2026-09-25T22:14:43.834+01:00   slot0 Zigzagoon PID 0x24C7D4D1 XOR 13263 shiny=False
2026-09-25T22:14:43.835+01:00   slot1 Zigzagoon PID 0x38652DC9 XOR 54901 shiny=False
2026-09-25T22:14:43.836+01:00   slot2 Zigzagoon PID 0x21C2C1E4 XOR 9215 shiny=False
2026-09-25T22:14:43.839+01:00   slot3 Zigzagoon PID 0x3965FA79 XOR 197 shiny=False
2026-09-25T22:14:43.840+01:00   slot4 Zigzagoon PID 0x0DC6B657 XOR 30792 shiny=False
2026-09-25T22:14:44.242+01:00 HORDE AUTHORITY COMMITTED: +5 Pokémon seen before escape
2026-09-25T22:14:57.164+01:00 RUN RECOVERY EXTENSION: battle still active after 24 causal Run taps; allowing up to 24 additional bounded Run taps (48 total)
2026-09-25T22:14:58.800+01:00 PARTY LIVE ORDER D25: source=RUNTIME_POINTER_CHAIN species=[120, 252, 283, 265, 261, 263]
2026-09-25T22:14:58.801+01:00 TIMING #95: field->encounter 11.541s • battle+return 17.928s • cycle 29.469s
2026-09-25T22:14:58.803+01:00 HF97 PHASE #95: boundary_wait 2.675s • pre_run_processing 0.688s • run_to_core_field 13.017s • postcore_field_authority 1.542s • accepted_run_attempt None
2026-09-25T22:14:58.811+01:00 PASS #95: Horde x5 • Run tap None -> Route 102 grid [181, 130]
2026-09-25T22:14:58.881+01:00 AUTO SWEET SCENT RE-ARM: waiting 1.00 s after prior Horde field return before touchscreen route
2026-09-25T22:14:59.946+01:00 AUTO SWEET SCENT RE-ARM: PASS — battle inactive and anchor grid [181, 130] retained
2026-09-25T22:14:59.949+01:00 AUTO SWEET SCENT D25 TOUCH ROUTE: green Poké Ball (60,230) -> silver visible-slot-3 field icon (119, 119) -> Sweet Scent (170,104)
2026-09-25T22:15:00.230+01:00 AUTO SWEET SCENT TOUCH: GREEN_POKEBALL_PARTY xy=(60,230) touch_state=0x01F542FF completed=True
2026-09-25T22:15:02.268+01:00 AUTO SWEET SCENT TOUCH: SLOT3_SILVER_FIELD_ACTION xy=(119,119) touch_state=0x017EE5F2 completed=True
2026-09-25T22:15:03.300+01:00 AUTO SWEET SCENT TOUCH: SWEET_SCENT xy=(170,104) touch_state=0x016EE87F completed=True
2026-09-25T22:15:10.334+01:00 AUTO SWEET SCENT: battle active — Horde boundary acquired
2026-09-25T22:15:13.299+01:00 HORDE LEAD RAM REFRESH: Staryu moves=[55, 145, 129, 61] PP=[16, 30, 20, 15] source=RUNTIME_POINTER_CHAIN
2026-09-25T22:15:13.301+01:00 PARTY LIVE ORDER: battle pointer table -> species [120, 252, 283, 261, 263, 265] order [0, 1, 2, 4, 5, 3]
2026-09-25T22:15:13.363+01:00 #96 HORDE x5 [AUTO SWEET SCENT]: Zigzagoon, Zigzagoon, Zigzagoon, Zigzagoon, Zigzagoon
2026-09-25T22:15:13.364+01:00   slot0 Zigzagoon PID 0x3128BE1A XOR 19691 shiny=False
2026-09-25T22:15:13.365+01:00   slot1 Zigzagoon PID 0x392ABA2B XOR 16600 shiny=False
2026-09-25T22:15:13.365+01:00   slot2 Zigzagoon PID 0xE51B6995 XOR 20311 shiny=False
2026-09-25T22:15:13.366+01:00   slot3 Zigzagoon PID 0xFB099D0B XOR 42459 shiny=False
2026-09-25T22:15:13.367+01:00   slot4 Zigzagoon PID 0xC2BCE902 XOR 59495 shiny=False
2026-09-25T22:15:13.480+01:00 HORDE AUTHORITY COMMITTED: +5 Pokémon seen before escape
2026-09-25T22:15:26.232+01:00 RUN RECOVERY EXTENSION: battle still active after 24 causal Run taps; allowing up to 24 additional bounded Run taps (48 total)
2026-09-25T22:15:28.909+01:00 PARTY LIVE ORDER D25: source=RUNTIME_POINTER_CHAIN species=[120, 252, 283, 265, 261, 263]
2026-09-25T22:15:28.912+01:00 TIMING #96: field->encounter 11.523s • battle+return 18.576s • cycle 30.099s
2026-09-25T22:15:28.913+01:00 HF97 PHASE #96: boundary_wait 2.739s • pre_run_processing 0.398s • run_to_core_field 13.516s • postcore_field_authority 1.914s • accepted_run_attempt 26
2026-09-25T22:15:28.922+01:00 PASS #96: Horde x5 • Run tap 26 -> Route 102 grid [181, 130]
2026-09-25T22:15:28.994+01:00 AUTO SWEET SCENT RE-ARM: waiting 1.00 s after prior Horde field return before touchscreen route
2026-09-25T22:15:30.056+01:00 AUTO SWEET SCENT RE-ARM: PASS — battle inactive and anchor grid [181, 130] retained
2026-09-25T22:15:30.058+01:00 AUTO SWEET SCENT D25 TOUCH ROUTE: green Poké Ball (60,230) -> silver visible-slot-3 field icon (119, 119) -> Sweet Scent (170,104)
2026-09-25T22:15:30.337+01:00 AUTO SWEET SCENT TOUCH: GREEN_POKEBALL_PARTY xy=(60,230) touch_state=0x01F542FF completed=True
2026-09-25T22:15:32.363+01:00 AUTO SWEET SCENT TOUCH: SLOT3_SILVER_FIELD_ACTION xy=(119,119) touch_state=0x017EE5F2 completed=True
2026-09-25T22:15:33.393+01:00 AUTO SWEET SCENT TOUCH: SWEET_SCENT xy=(170,104) touch_state=0x016EE87F completed=True
2026-09-25T22:15:40.472+01:00 AUTO SWEET SCENT: battle active — Horde boundary acquired
2026-09-25T22:15:43.403+01:00 HORDE LEAD RAM REFRESH: Staryu moves=[55, 145, 129, 61] PP=[16, 30, 20, 15] source=RUNTIME_POINTER_CHAIN
2026-09-25T22:15:43.404+01:00 PARTY LIVE ORDER: battle pointer table -> species [120, 252, 283, 261, 263, 265] order [0, 1, 2, 4, 5, 3]
2026-09-25T22:15:43.471+01:00 #97 HORDE x5 [AUTO SWEET SCENT]: Seedot, Seedot, Seedot, Seedot, Seedot
2026-09-25T22:15:43.472+01:00   slot0 Seedot PID 0x8A6AC6F0 XOR 36675 shiny=False
2026-09-25T22:15:43.472+01:00   slot1 Seedot PID 0x1689E88E XOR 15838 shiny=False
2026-09-25T22:15:43.475+01:00   slot2 Seedot PID 0x7D134277 XOR 64701 shiny=False
2026-09-25T22:15:43.476+01:00   slot3 Seedot PID 0x6A405FE1 XOR 63096 shiny=False
2026-09-25T22:15:43.477+01:00   slot4 Seedot PID 0x2DC63290 XOR 56463 shiny=False
2026-09-25T22:15:43.605+01:00 HORDE AUTHORITY COMMITTED: +5 Pokémon seen before escape
2026-09-25T22:15:57.597+01:00 PARTY LIVE ORDER D25: source=RUNTIME_POINTER_CHAIN species=[120, 252, 283, 265, 261, 263]
2026-09-25T22:15:57.600+01:00 TIMING #97: field->encounter 11.550s • battle+return 17.126s • cycle 28.677s
2026-09-25T22:15:57.601+01:00 HF97 PHASE #97: boundary_wait 2.718s • pre_run_processing 0.407s • run_to_core_field 12.034s • postcore_field_authority 1.960s • accepted_run_attempt 24
2026-09-25T22:15:57.622+01:00 PASS #97: Horde x5 • Run tap 24 -> Route 102 grid [181, 130]
2026-09-25T22:15:57.688+01:00 AUTO SWEET SCENT RE-ARM: waiting 1.00 s after prior Horde field return before touchscreen route
2026-09-25T22:15:58.741+01:00 AUTO SWEET SCENT RE-ARM: PASS — battle inactive and anchor grid [181, 130] retained
2026-09-25T22:15:58.743+01:00 AUTO SWEET SCENT D25 TOUCH ROUTE: green Poké Ball (60,230) -> silver visible-slot-3 field icon (119, 119) -> Sweet Scent (170,104)
2026-09-25T22:15:59.082+01:00 AUTO SWEET SCENT TOUCH: GREEN_POKEBALL_PARTY xy=(60,230) touch_state=0x01F542FF completed=True
2026-09-25T22:16:01.110+01:00 AUTO SWEET SCENT TOUCH: SLOT3_SILVER_FIELD_ACTION xy=(119,119) touch_state=0x017EE5F2 completed=True
2026-09-25T22:16:02.271+01:00 AUTO SWEET SCENT TOUCH: SWEET_SCENT xy=(170,104) touch_state=0x016EE87F completed=True
2026-09-25T22:16:09.170+01:00 AUTO SWEET SCENT: battle active — Horde boundary acquired
2026-09-25T22:16:12.183+01:00 HORDE LEAD RAM REFRESH: Staryu moves=[55, 145, 129, 61] PP=[16, 30, 20, 15] source=RUNTIME_POINTER_CHAIN
2026-09-25T22:16:12.184+01:00 PARTY LIVE ORDER: battle pointer table -> species [120, 252, 283, 261, 263, 265] order [0, 1, 2, 4, 5, 3]
2026-09-25T22:16:12.250+01:00 #98 HORDE x5 [AUTO SWEET SCENT]: Seedot, Seedot, Seedot, Seedot, Seedot
2026-09-25T22:16:12.251+01:00   slot0 Seedot PID 0xA24126D1 XOR 18249 shiny=False
2026-09-25T22:16:12.252+01:00   slot1 Seedot PID 0x7DCF9DCC XOR 9178 shiny=False
2026-09-25T22:16:12.252+01:00   slot2 Seedot PID 0xE000284F XOR 2966 shiny=False
2026-09-25T22:16:12.253+01:00   slot3 Seedot PID 0x0379F662 XOR 14018 shiny=False
2026-09-25T22:16:12.254+01:00   slot4 Seedot PID 0xA53B3DE3 XOR 23297 shiny=False
2026-09-25T22:16:12.366+01:00 HORDE AUTHORITY COMMITTED: +5 Pokémon seen before escape
2026-09-25T22:16:26.316+01:00 PARTY LIVE ORDER D25: source=RUNTIME_POINTER_CHAIN species=[120, 252, 283, 265, 261, 263]
2026-09-25T22:16:26.319+01:00 TIMING #98: field->encounter 11.548s • battle+return 17.148s • cycle 28.696s
2026-09-25T22:16:26.320+01:00 HF97 PHASE #98: boundary_wait 2.776s • pre_run_processing 0.413s • run_to_core_field 12.034s • postcore_field_authority 1.918s • accepted_run_attempt 24
2026-09-25T22:16:26.329+01:00 PASS #98: Horde x5 • Run tap 24 -> Route 102 grid [181, 130]
2026-09-25T22:16:26.406+01:00 AUTO SWEET SCENT RE-ARM: waiting 1.00 s after prior Horde field return before touchscreen route
2026-09-25T22:16:27.467+01:00 AUTO SWEET SCENT RE-ARM: PASS — battle inactive and anchor grid [181, 130] retained
2026-09-25T22:16:27.469+01:00 AUTO SWEET SCENT D25 TOUCH ROUTE: green Poké Ball (60,230) -> silver visible-slot-3 field icon (119, 119) -> Sweet Scent (170,104)
2026-09-25T22:16:27.744+01:00 AUTO SWEET SCENT TOUCH: GREEN_POKEBALL_PARTY xy=(60,230) touch_state=0x01F542FF completed=True
2026-09-25T22:16:29.791+01:00 AUTO SWEET SCENT TOUCH: SLOT3_SILVER_FIELD_ACTION xy=(119,119) touch_state=0x017EE5F2 completed=True
2026-09-25T22:16:30.828+01:00 AUTO SWEET SCENT TOUCH: SWEET_SCENT xy=(170,104) touch_state=0x016EE87F completed=True
2026-09-25T22:16:37.920+01:00 AUTO SWEET SCENT: battle active — Horde boundary acquired
2026-09-25T22:16:40.821+01:00 HORDE LEAD RAM REFRESH: Staryu moves=[55, 145, 129, 61] PP=[16, 30, 20, 15] source=RUNTIME_POINTER_CHAIN
2026-09-25T22:16:40.825+01:00 PARTY LIVE ORDER: battle pointer table -> species [120, 252, 283, 261, 263, 265] order [0, 1, 2, 4, 5, 3]
2026-09-25T22:16:40.879+01:00 #99 HORDE x5 [AUTO SWEET SCENT]: Seedot, Seedot, Seedot, Seedot, Seedot
2026-09-25T22:16:40.880+01:00   slot0 Seedot PID 0xD4C09714 XOR 32781 shiny=False
2026-09-25T22:16:40.881+01:00   slot1 Seedot PID 0x21639AB7 XOR 30733 shiny=False
2026-09-25T22:16:40.884+01:00   slot2 Seedot PID 0xE6088D5A XOR 43147 shiny=False
2026-09-25T22:16:40.885+01:00   slot3 Seedot PID 0x182C1A55 XOR 49568 shiny=False
2026-09-25T22:16:40.890+01:00   slot4 Seedot PID 0x743C2C8D XOR 39784 shiny=False
2026-09-25T22:16:41.049+01:00 HORDE AUTHORITY COMMITTED: +5 Pokémon seen before escape
2026-09-25T22:16:54.956+01:00 PARTY LIVE ORDER D25: source=RUNTIME_POINTER_CHAIN species=[120, 252, 283, 265, 261, 263]
2026-09-25T22:16:54.958+01:00 TIMING #99: field->encounter 11.589s • battle+return 17.036s • cycle 28.625s
2026-09-25T22:16:54.959+01:00 HF97 PHASE #99: boundary_wait 2.670s • pre_run_processing 0.451s • run_to_core_field 11.941s • postcore_field_authority 1.966s • accepted_run_attempt 24
2026-09-25T22:16:54.973+01:00 PASS #99: Horde x5 • Run tap 24 -> Route 102 grid [181, 130]
2026-09-25T22:16:55.032+01:00 AUTO SWEET SCENT RE-ARM: waiting 1.00 s after prior Horde field return before touchscreen route
2026-09-25T22:16:56.102+01:00 AUTO SWEET SCENT RE-ARM: PASS — battle inactive and anchor grid [181, 130] retained
2026-09-25T22:16:56.108+01:00 AUTO SWEET SCENT D25 TOUCH ROUTE: green Poké Ball (60,230) -> silver visible-slot-3 field icon (119, 119) -> Sweet Scent (170,104)
2026-09-25T22:16:56.401+01:00 AUTO SWEET SCENT TOUCH: GREEN_POKEBALL_PARTY xy=(60,230) touch_state=0x01F542FF completed=True
2026-09-25T22:16:58.439+01:00 AUTO SWEET SCENT TOUCH: SLOT3_SILVER_FIELD_ACTION xy=(119,119) touch_state=0x017EE5F2 completed=True
2026-09-25T22:16:59.475+01:00 AUTO SWEET SCENT TOUCH: SWEET_SCENT xy=(170,104) touch_state=0x016EE87F completed=True
2026-09-25T22:17:06.543+01:00 AUTO SWEET SCENT: battle active — Horde boundary acquired
2026-09-25T22:17:09.401+01:00 HORDE LEAD RAM REFRESH: Staryu moves=[55, 145, 129, 61] PP=[16, 30, 20, 15] source=RUNTIME_POINTER_CHAIN
2026-09-25T22:17:09.404+01:00 PARTY LIVE ORDER: battle pointer table -> species [120, 252, 283, 261, 263, 265] order [0, 1, 2, 4, 5, 3]
2026-09-25T22:17:09.455+01:00 #100 HORDE x5 [AUTO SWEET SCENT]: Seedot, Seedot, Seedot, Seedot, Seedot
2026-09-25T22:17:09.456+01:00   slot0 Seedot PID 0x126CEFE9 XOR 15964 shiny=False
2026-09-25T22:17:09.460+01:00   slot1 Seedot PID 0x006DEA95 XOR 10529 shiny=False
2026-09-25T22:17:09.461+01:00   slot2 Seedot PID 0x98B4D8CF XOR 33698 shiny=False
2026-09-25T22:17:09.462+01:00   slot3 Seedot PID 0x7E1C60C7 XOR 56578 shiny=False
2026-09-25T22:17:09.463+01:00   slot4 Seedot PID 0x0702FBD9 XOR 16130 shiny=False
2026-09-25T22:17:09.686+01:00 HORDE AUTHORITY COMMITTED: +5 Pokémon seen before escape
2026-09-25T22:17:23.842+01:00 PARTY LIVE ORDER D25: source=RUNTIME_POINTER_CHAIN species=[120, 252, 283, 265, 261, 263]
2026-09-25T22:17:23.885+01:00 TIMING #100: field->encounter 11.570s • battle+return 17.299s • cycle 28.869s
2026-09-25T22:17:24.018+01:00 HF97 PHASE #100: boundary_wait 2.626s • pre_run_processing 0.509s • run_to_core_field 12.134s • postcore_field_authority 2.031s • accepted_run_attempt 24
2026-09-25T22:17:24.328+01:00 PASS #100: Horde x5 • Run tap 24 -> Route 102 grid [181, 130]
2026-09-25T22:17:24.441+01:00 AUTO SWEET SCENT RE-ARM: waiting 1.00 s after prior Horde field return before touchscreen route
2026-09-25T22:17:25.533+01:00 AUTO SWEET SCENT RE-ARM: PASS — battle inactive and anchor grid [181, 130] retained
2026-09-25T22:17:25.725+01:00 AUTO SWEET SCENT D25 TOUCH ROUTE: green Poké Ball (60,230) -> silver visible-slot-3 field icon (119, 119) -> Sweet Scent (170,104)
2026-09-25T22:17:26.025+01:00 AUTO SWEET SCENT TOUCH: GREEN_POKEBALL_PARTY xy=(60,230) touch_state=0x01F542FF completed=True
2026-09-25T22:17:28.063+01:00 AUTO SWEET SCENT TOUCH: SLOT3_SILVER_FIELD_ACTION xy=(119,119) touch_state=0x017EE5F2 completed=True
2026-09-25T22:17:29.092+01:00 AUTO SWEET SCENT TOUCH: SWEET_SCENT xy=(170,104) touch_state=0x016EE87F completed=True
2026-09-25T22:17:36.222+01:00 AUTO SWEET SCENT: battle active — Horde boundary acquired
2026-09-25T22:17:39.180+01:00 HORDE LEAD RAM REFRESH: Staryu moves=[55, 145, 129, 61] PP=[16, 30, 20, 15] source=RUNTIME_POINTER_CHAIN
2026-09-25T22:17:39.195+01:00 PARTY LIVE ORDER: battle pointer table -> species [120, 252, 283, 261, 263, 265] order [0, 1, 2, 4, 5, 3]
2026-09-25T22:17:39.253+01:00 #101 HORDE x5 [AUTO SWEET SCENT]: Seedot, Seedot, Seedot, Seedot, Seedot
2026-09-25T22:17:39.255+01:00   slot0 Seedot PID 0x5A01B76C XOR 11956 shiny=False
2026-09-25T22:17:39.256+01:00   slot1 Seedot PID 0x545FE8B2 XOR 32564 shiny=False
2026-09-25T22:17:39.263+01:00   slot2 Seedot PID 0x3F791ED2 XOR 57970 shiny=False
2026-09-25T22:17:39.268+01:00   slot3 Seedot PID 0x74D4BA79 XOR 3444 shiny=False
2026-09-25T22:17:39.269+01:00   slot4 Seedot PID 0x7F892926 XOR 38262 shiny=False
2026-09-25T22:17:39.583+01:00 HORDE AUTHORITY COMMITTED: +5 Pokémon seen before escape
2026-09-25T22:17:53.642+01:00 PARTY LIVE ORDER D25: source=RUNTIME_POINTER_CHAIN species=[120, 252, 283, 265, 261, 263]
2026-09-25T22:17:53.645+01:00 TIMING #101: field->encounter 11.885s • battle+return 17.421s • cycle 29.306s
2026-09-25T22:17:53.646+01:00 HF97 PHASE #101: boundary_wait 2.670s • pre_run_processing 0.684s • run_to_core_field 12.147s • postcore_field_authority 1.913s • accepted_run_attempt 24
2026-09-25T22:17:53.659+01:00 PASS #101: Horde x5 • Run tap 24 -> Route 102 grid [181, 130]
2026-09-25T22:17:53.717+01:00 AUTO SWEET SCENT RE-ARM: waiting 1.00 s after prior Horde field return before touchscreen route
2026-09-25T22:17:54.797+01:00 AUTO SWEET SCENT RE-ARM: PASS — battle inactive and anchor grid [181, 130] retained
2026-09-25T22:17:54.799+01:00 AUTO SWEET SCENT D25 TOUCH ROUTE: green Poké Ball (60,230) -> silver visible-slot-3 field icon (119, 119) -> Sweet Scent (170,104)
2026-09-25T22:17:55.101+01:00 AUTO SWEET SCENT TOUCH: GREEN_POKEBALL_PARTY xy=(60,230) touch_state=0x01F542FF completed=True
2026-09-25T22:17:57.127+01:00 AUTO SWEET SCENT TOUCH: SLOT3_SILVER_FIELD_ACTION xy=(119,119) touch_state=0x017EE5F2 completed=True
2026-09-25T22:17:58.164+01:00 AUTO SWEET SCENT TOUCH: SWEET_SCENT xy=(170,104) touch_state=0x016EE87F completed=True
2026-09-25T22:18:05.347+01:00 AUTO SWEET SCENT: battle active — Horde boundary acquired
2026-09-25T22:18:08.318+01:00 HORDE LEAD RAM REFRESH: Staryu moves=[55, 145, 129, 61] PP=[16, 30, 20, 15] source=RUNTIME_POINTER_CHAIN
2026-09-25T22:18:08.332+01:00 PARTY LIVE ORDER: battle pointer table -> species [120, 252, 283, 261, 263, 265] order [0, 1, 2, 4, 5, 3]
2026-09-25T22:18:08.435+01:00 #102 HORDE x5 [AUTO SWEET SCENT]: Ralts, Ralts, Ralts, Ralts, Ralts
2026-09-25T22:18:08.448+01:00   slot0 Ralts PID 0xD02EFE61 XOR 60822 shiny=False
2026-09-25T22:18:08.449+01:00   slot1 Ralts PID 0x513C5F2E XOR 52683 shiny=False
2026-09-25T22:18:08.465+01:00   slot2 Ralts PID 0x03C125F5 XOR 58861 shiny=False
2026-09-25T22:18:08.477+01:00   slot3 Ralts PID 0x57B65741 XOR 49966 shiny=False
2026-09-25T22:18:08.478+01:00   slot4 Ralts PID 0x549E29A6 XOR 48865 shiny=False
2026-09-25T22:18:09.401+01:00 HORDE AUTHORITY COMMITTED: +5 Pokémon seen before escape
2026-09-25T22:18:22.202+01:00 RUN RECOVERY EXTENSION: battle still active after 24 causal Run taps; allowing up to 24 additional bounded Run taps (48 total)
2026-09-25T22:18:33.680+01:00 PARTY LIVE ORDER D25: source=RUNTIME_POINTER_CHAIN species=[120, 252, 283, 265, 261, 263]
2026-09-25T22:18:33.681+01:00 TIMING #102: field->encounter 11.691s • battle+return 28.331s • cycle 40.021s
2026-09-25T22:18:33.684+01:00 HF97 PHASE #102: boundary_wait 2.605s • pre_run_processing 1.432s • run_to_core_field 22.389s • postcore_field_authority 1.891s • accepted_run_attempt 43
2026-09-25T22:18:33.699+01:00 PASS #102: Horde x5 • Run tap 43 -> Route 102 grid [181, 130]
2026-09-25T22:18:33.759+01:00 AUTO SWEET SCENT RE-ARM: waiting 1.00 s after prior Horde field return before touchscreen route
2026-09-25T22:18:34.831+01:00 AUTO SWEET SCENT RE-ARM: PASS — battle inactive and anchor grid [181, 130] retained
2026-09-25T22:18:34.841+01:00 AUTO SWEET SCENT D25 TOUCH ROUTE: green Poké Ball (60,230) -> silver visible-slot-3 field icon (119, 119) -> Sweet Scent (170,104)
2026-09-25T22:18:35.120+01:00 AUTO SWEET SCENT TOUCH: GREEN_POKEBALL_PARTY xy=(60,230) touch_state=0x01F542FF completed=True
2026-09-25T22:18:37.171+01:00 AUTO SWEET SCENT TOUCH: SLOT3_SILVER_FIELD_ACTION xy=(119,119) touch_state=0x017EE5F2 completed=True
2026-09-25T22:18:38.204+01:00 AUTO SWEET SCENT TOUCH: SWEET_SCENT xy=(170,104) touch_state=0x016EE87F completed=True
2026-09-25T22:18:45.327+01:00 AUTO SWEET SCENT: battle active — Horde boundary acquired
2026-09-25T22:18:48.135+01:00 HORDE LEAD RAM REFRESH: Staryu moves=[55, 145, 129, 61] PP=[16, 30, 20, 15] source=RUNTIME_POINTER_CHAIN
2026-09-25T22:18:48.137+01:00 PARTY LIVE ORDER: battle pointer table -> species [120, 252, 283, 261, 263, 265] order [0, 1, 2, 4, 5, 3]
2026-09-25T22:18:48.187+01:00 #103 HORDE x5 [AUTO SWEET SCENT]: Ralts, Ralts, Ralts, Ralts, Ralts
2026-09-25T22:18:48.188+01:00   slot0 Ralts PID 0x35D28E7C XOR 30839 shiny=False
2026-09-25T22:18:48.199+01:00   slot1 Ralts PID 0x3986FE3E XOR 1121 shiny=False
2026-09-25T22:18:48.200+01:00   slot2 Ralts PID 0xAF5AC369 XOR 45034 shiny=False
2026-09-25T22:18:48.201+01:00   slot3 Ralts PID 0x5CAC233D XOR 48200 shiny=False
2026-09-25T22:18:48.202+01:00   slot4 Ralts PID 0x8EA04266 XOR 3871 shiny=False
2026-09-25T22:18:48.355+01:00 HORDE AUTHORITY COMMITTED: +5 Pokémon seen before escape
2026-09-25T22:19:01.126+01:00 RUN RECOVERY EXTENSION: battle still active after 24 causal Run taps; allowing up to 24 additional bounded Run taps (48 total)
2026-09-25T22:19:06.457+01:00 PARTY LIVE ORDER D25: source=RUNTIME_POINTER_CHAIN species=[120, 252, 283, 265, 261, 263]
2026-09-25T22:19:06.459+01:00 TIMING #103: field->encounter 11.631s • battle+return 21.128s • cycle 32.759s
2026-09-25T22:19:06.460+01:00 HF97 PHASE #103: boundary_wait 2.585s • pre_run_processing 0.427s • run_to_core_field 16.168s • postcore_field_authority 1.935s • accepted_run_attempt 31
2026-09-25T22:19:06.469+01:00 PASS #103: Horde x5 • Run tap 31 -> Route 102 grid [181, 130]
2026-09-25T22:19:06.667+01:00 AUTO SWEET SCENT RE-ARM: waiting 1.00 s after prior Horde field return before touchscreen route
2026-09-25T22:19:07.782+01:00 AUTO SWEET SCENT RE-ARM: PASS — battle inactive and anchor grid [181, 130] retained
2026-09-25T22:19:07.865+01:00 AUTO SWEET SCENT D25 TOUCH ROUTE: green Poké Ball (60,230) -> silver visible-slot-3 field icon (119, 119) -> Sweet Scent (170,104)
2026-09-25T22:19:08.160+01:00 AUTO SWEET SCENT TOUCH: GREEN_POKEBALL_PARTY xy=(60,230) touch_state=0x01F542FF completed=True
2026-09-25T22:19:10.220+01:00 AUTO SWEET SCENT TOUCH: SLOT3_SILVER_FIELD_ACTION xy=(119,119) touch_state=0x017EE5F2 completed=True
2026-09-25T22:19:11.248+01:00 AUTO SWEET SCENT TOUCH: SWEET_SCENT xy=(170,104) touch_state=0x016EE87F completed=True
2026-09-25T22:19:18.377+01:00 AUTO SWEET SCENT: battle active — Horde boundary acquired
2026-09-25T22:19:21.272+01:00 HORDE LEAD RAM REFRESH: Staryu moves=[55, 145, 129, 61] PP=[16, 30, 20, 15] source=RUNTIME_POINTER_CHAIN
2026-09-25T22:19:21.273+01:00 PARTY LIVE ORDER: battle pointer table -> species [120, 252, 283, 261, 263, 265] order [0, 1, 2, 4, 5, 3]
2026-09-25T22:19:21.322+01:00 #104 HORDE x5 [AUTO SWEET SCENT]: Seedot, Seedot, Seedot, Seedot, Seedot
2026-09-25T22:19:21.323+01:00   slot0 Seedot PID 0x1FD94F12 XOR 37650 shiny=False
2026-09-25T22:19:21.324+01:00   slot1 Seedot PID 0xDBD313CD XOR 3015 shiny=False
2026-09-25T22:19:21.326+01:00   slot2 Seedot PID 0xAF25FD3A XOR 37318 shiny=False
2026-09-25T22:19:21.329+01:00   slot3 Seedot PID 0x20D9F45C XOR 5980 shiny=False
2026-09-25T22:19:21.331+01:00   slot4 Seedot PID 0x19FF66E9 XOR 48335 shiny=False
2026-09-25T22:19:21.456+01:00 HORDE AUTHORITY COMMITTED: +5 Pokémon seen before escape
2026-09-25T22:19:35.405+01:00 PARTY LIVE ORDER D25: source=RUNTIME_POINTER_CHAIN species=[120, 252, 283, 265, 261, 263]
2026-09-25T22:19:35.410+01:00 TIMING #104: field->encounter 11.911s • battle+return 17.030s • cycle 28.941s
2026-09-25T22:19:35.414+01:00 HF97 PHASE #104: boundary_wait 2.627s • pre_run_processing 0.442s • run_to_core_field 12.072s • postcore_field_authority 1.881s • accepted_run_attempt 24
2026-09-25T22:19:35.422+01:00 PASS #104: Horde x5 • Run tap 24 -> Route 102 grid [181, 130]
2026-09-25T22:19:35.476+01:00 AUTO SWEET SCENT RE-ARM: waiting 1.00 s after prior Horde field return before touchscreen route
2026-09-25T22:19:36.543+01:00 AUTO SWEET SCENT RE-ARM: PASS — battle inactive and anchor grid [181, 130] retained
2026-09-25T22:19:36.545+01:00 AUTO SWEET SCENT D25 TOUCH ROUTE: green Poké Ball (60,230) -> silver visible-slot-3 field icon (119, 119) -> Sweet Scent (170,104)
2026-09-25T22:19:36.823+01:00 AUTO SWEET SCENT TOUCH: GREEN_POKEBALL_PARTY xy=(60,230) touch_state=0x01F542FF completed=True
2026-09-25T22:19:38.845+01:00 AUTO SWEET SCENT TOUCH: SLOT3_SILVER_FIELD_ACTION xy=(119,119) touch_state=0x017EE5F2 completed=True
2026-09-25T22:19:39.912+01:00 AUTO SWEET SCENT TOUCH: SWEET_SCENT xy=(170,104) touch_state=0x016EE87F completed=True
2026-09-25T22:19:46.958+01:00 AUTO SWEET SCENT: battle active — Horde boundary acquired
2026-09-25T22:19:49.878+01:00 HORDE LEAD RAM REFRESH: Staryu moves=[55, 145, 129, 61] PP=[16, 30, 20, 15] source=RUNTIME_POINTER_CHAIN
2026-09-25T22:19:49.889+01:00 PARTY LIVE ORDER: battle pointer table -> species [120, 252, 283, 261, 263, 265] order [0, 1, 2, 4, 5, 3]
2026-09-25T22:19:49.959+01:00 #105 HORDE x5 [AUTO SWEET SCENT]: Ralts, Ralts, Ralts, Ralts, Ralts
2026-09-25T22:19:49.960+01:00   slot0 Ralts PID 0xD0D76A0F XOR 30977 shiny=False
2026-09-25T22:19:49.967+01:00   slot1 Ralts PID 0xE88F73A9 XOR 22783 shiny=False
2026-09-25T22:19:49.968+01:00   slot2 Ralts PID 0x02451CA4 XOR 56632 shiny=False
2026-09-25T22:19:49.971+01:00   slot3 Ralts PID 0x217A13DE XOR 61821 shiny=False
2026-09-25T22:19:49.972+01:00   slot4 Ralts PID 0x034D4505 XOR 34193 shiny=False
2026-09-25T22:19:50.186+01:00 HORDE AUTHORITY COMMITTED: +5 Pokémon seen before escape
2026-09-25T22:20:03.049+01:00 RUN RECOVERY EXTENSION: battle still active after 24 causal Run taps; allowing up to 24 additional bounded Run taps (48 total)
2026-09-25T22:20:15.628+01:00 SAFETY_HOLD: IntegrationHold: causal Run failed: battle stayed active through 48 bounded Run taps
